Customer,SalesOrg,Time,DistributionChannel,FulfillmentMethod,Currency,UOM,Vendor,Store,RetailItemNumber,UPC,GTIN,Material,TCINNo,StoreCount,OnOrderQty,RetailerCost,RetailerPrice,WarehouseInv,OnhandInv,POSSales,POSSalesUnits,TotalInv,InStock,OutStock,unsellableOnHandUnits,unsellableOnHandUnitsAmount,sellableOnHandInventoryAmount,TotalInvValue
AMAZONFR,FR01,2023-12-30T00:00:00.000,00,,EUR,PC,,,B09NNM3XW8,,,,,,0,,15.50,,0,310.15,20,0,,,0,0.00,0.00,0.00
AMAZONFR,FR01,2023-12-30T00:00:00.000,00,,EUR,PC,,,B0B4Y5PRNF,,,,,,8,,12.49,,124,112.41,9,124,,,0,0.00,1215.20,1548.76
AMAZONFR,FR01,2023-12-30T00:00:00.000,00,,EUR,PC,,,B09V5RGR8L,,,,,,0,,17.40,,56,765.87,44,56,,,0,0.00,665.28,974.40
AMAZONFR,FR01,2023-12-30T00:00:00.000,00,,EUR,PC,,,B07PCBZ4K1,,,,,,,,0.00,,1,0.00,0,1,,,0,0.00,14.30,0.00
AMAZONFR,FR01,2023-12-30T00:00:00.000,00,,EUR,PC,,,B07ZWRMJZ3,,,,,,0,,20.75,,0,435.75,21,0,,,1,15.78,0.00,0.00
AMAZONFR,FR01,2023-12-30T00:00:00.000,00,,EUR,PC,,,B0BSXNJRVH,,,,,,6,,20.82,,60,291.48,14,60,,,0,0.00,495.60,1249.20
AMAZONFR,FR01,2023-12-30T00:00:00.000,00,,EUR,PC,,,B07PCBD4LK,,,,,,,,6.66,,0,-6.66,-1,0,,,0,0.00,0.00,0.00
AMAZONFR,FR01,2023-12-30T00:00:00.000,00,,EUR,PC,,,B0BRT8MN79,,,,,,0,,16.66,,0,166.60,10,,,,0,0.00,0.00,0.00
AMAZONFR,FR01,2023-12-30T00:00:00.000,00,,EUR,PC,,,B08SVXG1XY,,,,,,,,44.73,,0,44.73,1,,,,0,0.00,0.00,0.00
AMAZONFR,FR01,2023-12-30T00:00:00.000,00,,EUR,PC,,,B07NW9248L,,,,,,6270,,25.44,,12,4046.19,159,12,,,1,23.65,283.80,305.28
AMAZONFR,FR01,2023-12-30T00:00:00.000,00,,EUR,PC,,,B09FG5F99L,,,,,,0,,0.00,,0,0.00,0,0,,,0,0.00,0.00,0.00
AMAZONFR,FR01,2023-12-30T00:00:00.000,00,,EUR,PC,,,B08T1BFP6K,,,,,,-7,,10.42,,3001,4782.78,459,3001,,,1,9.23,33725.42,31270.42
AMAZONFR,FR01,2023-12-30T00:00:00.000,00,,EUR,PC,,,B0C5JB739V,,,,,,666,,32.49,,0,32.49,1,,,,0,0.00,0.00,0.00
AMAZONFR,FR01,2023-12-30T00:00:00.000,00,,EUR,PC,,,B0BRQX39SK,,,,,,0,,10.82,,0,64.92,6,0,,,1,7.50,0.00,0.00
AMAZONFR,FR01,2023-12-30T00:00:00.000,00,,EUR,PC,,,B08SR7R6GZ,,,,,,0,,20.82,,0,333.12,16,,,,0,0.00,0.00,0.00
AMAZONFR,FR01,2023-12-30T00:00:00.000,00,,EUR,PC,,,B0B4Y639SN,,,,,,2336,,32.42,,4,1621.00,50,4,,,2,46.51,93.02,129.68
AMAZONFR,FR01,2023-12-30T00:00:00.000,00,,EUR,PC,,,B09SLV8FB1,,,,,,0,,37.32,,0,597.16,16,0,,,1,33.25,0.00,0.00
AMAZONFR,FR01,2023-12-30T00:00:00.000,00,,EUR,PC,,,B09NLBMT97,,,,,,0,,17.49,,85,122.43,7,85,,,3,64.58,2100.00,1486.65
AMAZONFR,FR01,2023-12-30T00:00:00.000,00,,EUR,PC,,,B0BRT7YTYR,,,,,,0,,29.16,,196,174.96,6,196,,,1,25.00,4788.75,5715.36
AMAZONFR,FR01,2023-12-30T00:00:00.000,00,,EUR,PC,,,B09BFXXTGW,,,,,,0,,0.00,,17,0.00,0,17,,,0,0.00,399.58,0.00
AMAZONFR,FR01,2023-12-30T00:00:00.000,00,,EUR,PC,,,B08T1J3TLT,,,,,,-6,,10.77,,1348,2887.36,268,1348,,,3,18.43,12127.82,14517.96
AMAZONFR,FR01,2023-12-30T00:00:00.000,00,,EUR,PC,,,B09FG4D6TX,,,,,,2082,,16.66,,747,766.36,46,747,,,1,12.34,9338.59,12445.02
AMAZONFR,FR01,2023-12-30T00:00:00.000,00,,EUR,PC,,,B0CCW37VH6,,,,,,500,,10.82,,196,54.10,5,196,,,0,0.00,1769.88,2120.72
AMAZONFR,FR01,2023-12-30T00:00:00.000,00,,EUR,PC,,,B06XW95Z1H,,,,,,0,,15.52,,0,248.32,16,0,,,0,0.00,0.00,0.00
AMAZONFR,FR01,2023-12-30T00:00:00.000,00,,EUR,PC,,,B0B6WPGT27,,,,,,506,,15.81,,35,158.20,10,35,,,0,0.00,533.75,553.35
AMAZONFR,FR01,2023-12-30T00:00:00.000,00,,EUR,PC,,,B07NWD8CXL,,,,,,0,,12.00,,0,24.00,2,,,,0,0.00,0.00,0.00
AMAZONFR,FR01,2023-12-30T00:00:00.000,00,,EUR,PC,,,B09NLF2B61,,,,,,0,,34.99,,36,69.98,2,36,,,0,0.00,907.20,1259.64
AMAZONFR,FR01,2023-12-30T00:00:00.000,00,,EUR,PC,,,B0BSFWLTGQ,,,,,,16,,31.72,,1766,63.44,2,1766,,,0,0.00,28453.32,56017.52
AMAZONFR,FR01,2023-12-30T00:00:00.000,00,,EUR,PC,,,B09NLPV1YX,,,,,,0,,12.49,,54,12.49,1,54,,,0,0.00,546.48,674.46
AMAZONFR,FR01,2023-12-30T00:00:00.000,00,,EUR,PC,,,B0BRQXM8HK,,,,,,0,,12.49,,413,124.90,10,413,,,1,5.46,2449.85,5158.37
AMAZONFR,FR01,2023-12-30T00:00:00.000,00,,EUR,PC,,,B08P5XX2LX,,,,,,600,,11.28,,245,530.61,47,245,,,0,0.00,2061.14,2763.60
AMAZONFR,FR01,2023-12-30T00:00:00.000,00,,EUR,PC,,,B09J8ZPNV7,,,,,,,,16.66,,18,66.64,4,18,,,0,0.00,224.82,299.88
AMAZONFR,FR01,2023-12-30T00:00:00.000,00,,EUR,PC,,,B0BRQX1495,,,,,,0,,11.50,,0,11.50,1,,,,0,0.00,0.00,0.00
AMAZONFR,FR01,2023-12-30T00:00:00.000,00,,EUR,PC,,,B08TTRVBKB,,,,,,0,,10.53,,0,10.53,1,,,,0,0.00,0.00,0.00
AMAZONFR,FR01,2023-12-30T00:00:00.000,00,,EUR,PC,,,B0BSFVZ2P3,,,,,,76,,41.56,,505,1870.64,45,505,,,0,0.00,12483.76,20987.80
AMAZONFR,FR01,2023-12-30T00:00:00.000,00,,EUR,PC,,,B00M2L6BPI,,,,,,420,,18.01,,35,612.54,34,35,,,3,33.26,358.38,630.35
AMAZONFR,FR01,2023-12-30T00:00:00.000,00,,EUR,PC,,,B0953W6KKL,,,,,,0,,9.99,,286,99.90,10,286,,,1,7.31,2090.66,2857.14
AMAZONFR,FR01,2023-12-30T00:00:00.000,00,,EUR,PC,,,B08N6XVJR9,,,,,,1548,,10.81,,379,313.78,29,379,,,0,0.00,2599.94,4096.99
AMAZONFR,FR01,2023-12-30T00:00:00.000,00,,EUR,PC,,,B0B6WQRR5K,,,,,,0,,12.66,,1088,164.58,13,1088,,,0,0.00,13585.28,13774.08
AMAZONFR,FR01,2023-12-30T00:00:00.000,00,,EUR,PC,,,B0B1TVSSJM,,,,,,0,,9.99,,118,89.91,9,118,,,0,0.00,1475.00,1178.82
AMAZONFR,FR01,2023-12-30T00:00:00.000,00,,EUR,PC,,,B09BFWR2WG,,,,,,,,0.00,,0,0.00,0,,,,0,0.00,0.00,0.00
AMAZONFR,FR01,2023-12-30T00:00:00.000,00,,EUR,PC,,,B0B5V8F7NG,,,,,,652,,38.32,,183,459.84,12,183,,,0,0.00,5820.43,7012.56
AMAZONFR,FR01,2023-12-30T00:00:00.000,00,,EUR,PC,,,B078WDR14Q,,,,,,0,,0.00,,38,0.00,0,38,,,0,0.00,166.06,0.00
AMAZONFR,FR01,2023-12-30T00:00:00.000,00,,EUR,PC,,,B0CCW1RGZH,,,,,,-1,,16.66,,155,33.32,2,155,,,0,0.00,2363.75,2582.30
AMAZONFR,FR01,2023-12-30T00:00:00.000,00,,EUR,PC,,,B09NLQTD6F,,,,,,0,,37.76,,0,188.85,5,,,,0,0.00,0.00,0.00
AMAZONFR,FR01,2023-12-30T00:00:00.000,00,,EUR,PC,,,B0C2D8L37R,,,,,,0,,0.00,,72,0.00,0,72,,,0,0.00,1188.00,0.00
AMAZONFR,FR01,2023-12-30T00:00:00.000,00,,EUR,PC,,,B079VQX11W,,,,,,0,,12.49,,81,387.19,31,81,,,0,0.00,606.69,1011.69
AMAZONFR,FR01,2023-12-30T00:00:00.000,00,,EUR,PC,,,B0BJ2CXC4H,,,,,,0,,33.32,,0,333.20,10,,,,0,0.00,0.00,0.00
AMAZONFR,FR01,2023-12-30T00:00:00.000,00,,EUR,PC,,,B09J8QBXLF,,,,,,0,,16.66,,133,166.60,10,133,,,0,0.00,1666.71,2215.78
AMAZONFR,FR01,2023-12-30T00:00:00.000,00,,EUR,PC,,,B0BSXN87KY,,,,,,4596,,19.99,,28,3838.08,192,28,,,6,84.00,376.02,559.72
AMAZONFR,FR01,2023-12-30T00:00:00.000,00,,EUR,PC,,,B0C2DC18KT,,,,,,78,,8.32,,16,282.88,34,16,,,0,0.00,104.00,133.12
AMAZONFR,FR01,2023-12-30T00:00:00.000,00,,EUR,PC,,,B07P95LTJ8,,,,,,0,,23.29,,63,116.45,5,63,,,0,0.00,796.95,1467.27
AMAZONFR,FR01,2023-12-30T00:00:00.000,00,,EUR,PC,,,B09M4FLXF7,,,,,,6,,22.46,,531,426.74,19,531,,,0,0.00,9307.60,11926.26
AMAZONFR,FR01,2023-12-30T00:00:00.000,00,,EUR,PC,,,B0BRT72CJ2,,,,,,500,,17.07,,0,17.07,1,,,,0,0.00,0.00,0.00
AMAZONFR,FR01,2023-12-30T00:00:00.000,00,,EUR,PC,,,B0BJ2DJJY6,,,,,,0,,16.32,,768,391.68,24,768,,,0,0.00,9141.78,12533.76
AMAZONFR,FR01,2023-12-30T00:00:00.000,00,,EUR,PC,,,B0C2D5M3LS,,,,,,0,,37.49,,132,37.49,1,132,,,0,0.00,3894.00,4948.68
AMAZONFR,FR01,2023-12-30T00:00:00.000,00,,EUR,PC,,,B0CCW456H3,,,,,,0,,16.66,,148,33.32,2,148,,,0,0.00,2257.00,2465.68
AMAZONFR,FR01,2023-12-30T00:00:00.000,00,,EUR,PC,,,B09MWHN8K9,,,,,,0,,20.82,,1,-20.82,-1,1,,,0,0.00,18.74,20.82
AMAZONFR,FR01,2023-12-30T00:00:00.000,00,,EUR,PC,,,B09FG8275T,,,,,,2310,,16.66,,0,816.34,49,0,,,0,0.00,0.00,0.00
AMAZONFR,FR01,2023-12-30T00:00:00.000,00,,EUR,PC,,,B09NNKJDT6,,,,,,0,,15.82,,0,126.56,8,,,,0,0.00,0.00,0.00
AMAZONFR,FR01,2023-12-30T00:00:00.000,00,,EUR,PC,,,B09NLQTV76,,,,,,0,,12.49,,20,99.92,8,20,,,0,0.00,202.40,249.80
AMAZONFR,FR01,2023-12-30T00:00:00.000,00,,EUR,PC,,,B08N6XKSSR,,,,,,,,3.32,,536,9.96,3,536,,,0,0.00,1418.69,1779.52
AMAZONFR,FR01,2023-12-30T00:00:00.000,00,,EUR,PC,,,B07PDMSP68,,,,,,1088,,33.32,,521,33.32,1,521,,,0,0.00,10169.92,17359.72
AMAZONFR,FR01,2023-12-30T00:00:00.000,00,,EUR,PC,,,B08N6XD9F9,,,,,,600,,29.16,,0,233.28,8,0,,,0,0.00,0.00,0.00
AMAZONFR,FR01,2023-12-30T00:00:00.000,00,,EUR,PC,,,B07L54V925,,,,,,0,,8.32,,0,33.28,4,0,,,5,36.24,0.00,0.00
AMAZONFR,FR01,2023-12-30T00:00:00.000,00,,EUR,PC,,,B08T1LNS7M,,,,,,500,,10.82,,263,140.66,13,263,,,1,8.21,2181.07,2845.66
AMAZONFR,FR01,2023-12-30T00:00:00.000,00,,EUR,PC,,,B08KGZKG62,,,,,,,,28.32,,0,56.64,2,,,,0,0.00,0.00,0.00
AMAZONFR,FR01,2023-12-30T00:00:00.000,00,,EUR,PC,,,B0BT1SKHSZ,,,,,,3,,6.31,,193,278.08,44,193,,,0,0.00,629.18,1217.83
AMAZONFR,FR01,2023-12-30T00:00:00.000,00,,EUR,PC,,,B09NLRYCRR,,,,,,0,,12.49,,37,174.86,14,37,,,0,0.00,346.69,462.13
AMAZONFR,FR01,2023-12-30T00:00:00.000,00,,EUR,PC,,,B08N6XSSK5,,,,,,0,,16.28,,0,228.02,14,,,,0,0.00,0.00,0.00
AMAZONFR,FR01,2023-12-30T00:00:00.000,00,,EUR,PC,,,B09RNG5QRL,,,,,,7284,,16.32,,2,97.92,6,2,,,1,14.85,23.32,32.64
AMAZONFR,FR01,2023-12-30T00:00:00.000,00,,EUR,PC,,,B08N6Z774J,,,,,,1986,,7.84,,0,486.08,62,,,,0,0.00,0.00,0.00
AMAZONFR,FR01,2023-12-30T00:00:00.000,00,,EUR,PC,,,B0BRYJ1NM5,,,,,,2130,,16.67,,381,2785.27,167,381,,,4,40.53,2945.16,6351.27
AMAZONFR,FR01,2023-12-30T00:00:00.000,00,,EUR,PC,,,B08FDGXQY7,,,,,,0,,26.82,,0,134.12,5,,,,0,0.00,0.00,0.00
AMAZONFR,FR01,2023-12-30T00:00:00.000,00,,EUR,PC,,,B0BT23B1N8,,,,,,0,,6.65,,316,93.24,14,316,,,1,5.20,1643.20,2101.40
AMAZONFR,FR01,2023-12-30T00:00:00.000,00,,EUR,PC,,,B08S6ZHGLG,,,,,,,,0.00,,0,0.00,0,0,,,1,23.00,0.00,0.00
AMAZONFR,FR01,2023-12-30T00:00:00.000,00,,EUR,PC,,,B08T1Q619J,,,,,,0,,10.82,,0,10.82,1,,,,0,0.00,0.00,0.00
AMAZONFR,FR01,2023-12-30T00:00:00.000,00,,EUR,PC,,,B08RKXGJ7V,,,,,,0,,33.58,,157,570.98,17,157,,,0,0.00,4173.06,5272.06
AMAZONFR,FR01,2023-12-30T00:00:00.000,00,,EUR,PC,,,B09J8GM9N3,,,,,,1092,,16.66,,1408,1449.42,87,1408,,,1,12.98,15350.48,23457.28
AMAZONFR,FR01,2023-12-30T00:00:00.000,00,,EUR,PC,,,B099TKKNZL,,,,,,,,27.24,,16,54.48,2,16,,,0,0.00,327.84,435.84
AMAZONFR,FR01,2023-12-30T00:00:00.000,00,,EUR,PC,,,B07NY43WZ7,,,,,,2666,,28.12,,915,1490.87,53,915,,,0,0.00,11536.32,25729.80
AMAZONFR,FR01,2023-12-30T00:00:00.000,00,,EUR,PC,,,B0BV72N9LY,,,,,,0,,0.00,,0,0.00,0,,,,0,0.00,0.00,0.00
AMAZONFR,FR01,2023-12-30T00:00:00.000,00,,EUR,PC,,,B09RVBT2BJ,,,,,,13760,,14.95,,1266,2363.50,158,1266,,,7,71.77,14128.51,18926.70
AMAZONFR,FR01,2023-12-30T00:00:00.000,00,,EUR,PC,,,B08FCQLHM1,,,,,,0,,24.99,,0,424.83,17,,,,0,0.00,0.00,0.00
AMAZONFR,FR01,2023-12-30T00:00:00.000,00,,EUR,PC,,,B0883NKYBG,,,,,,0,,13.95,,1,13.95,1,1,,,0,0.00,8.16,13.95
AMAZONFR,FR01,2023-12-30T00:00:00.000,00,,EUR,PC,,,B082DMWKH5,,,,,,,,5.41,,9,54.10,10,9,,,0,0.00,43.34,48.69
AMAZONFR,FR01,2023-12-30T00:00:00.000,00,,EUR,PC,,,B0BN483N2S,,,,,,0,,0.00,,0,0.00,0,,,,0,0.00,0.00,0.00
AMAZONFR,FR01,2023-12-30T00:00:00.000,00,,EUR,PC,,,B07JLZ38TK,,,,,,0,,22.48,,0,247.34,11,0,,,0,0.00,0.00,0.00
AMAZONFR,FR01,2023-12-30T00:00:00.000,00,,EUR,PC,,,B09R8QS3WN,,,,,,0,,24.70,,54,197.64,8,54,,,0,0.00,1434.24,1333.80
AMAZONFR,FR01,2023-12-30T00:00:00.000,00,,EUR,PC,,,B0CCW5WRJC,,,,,,0,,8.32,,14,1347.84,162,14,,,1,6.00,84.00,116.48
AMAZONFR,FR01,2023-12-30T00:00:00.000,00,,EUR,PC,,,B0B6WRJ8J9,,,,,,500,,15.82,,467,189.84,12,467,,,0,0.00,4434.58,7387.94
AMAZONFR,FR01,2023-12-30T00:00:00.000,00,,EUR,PC,,,B08T6754KH,,,,,,0,,13.32,,0,119.88,9,,,,0,0.00,0.00,0.00
AMAZONFR,FR01,2023-12-30T00:00:00.000,00,,EUR,PC,,,B0BSXN5Z6R,,,,,,0,,18.32,,2,73.28,4,2,,,0,0.00,26.00,36.64
AMAZONFR,FR01,2023-12-30T00:00:00.000,00,,EUR,PC,,,B0BT23YJL4,,,,,,0,,5.82,,229,5.82,1,229,,,0,0.00,1133.55,1332.78
AMAZONFR,FR01,2023-12-30T00:00:00.000,00,,EUR,PC,,,B0B255L4RR,,,,,,0,,16.66,,79,166.60,10,79,,,1,13.00,1027.00,1316.14
AMAZONFR,FR01,2023-12-30T00:00:00.000,00,,EUR,PC,,,B095RG3BPQ,,,,,,0,,12.03,,825,469.48,39,825,,,20,156.29,5908.59,9924.75
AMAZONFR,FR01,2023-12-30T00:00:00.000,00,,EUR,PC,,,B0BJ2CSQFD,,,,,,0,,16.32,,950,701.76,43,950,,,0,0.00,11340.82,15504.00
AMAZONFR,FR01,2023-12-30T00:00:00.000,00,,EUR,PC,,,B0BT1SF217,,,,,,1032,,9.99,,41,139.86,14,41,,,0,0.00,254.57,409.59
AMAZONFR,FR01,2023-12-30T00:00:00.000,00,,EUR,PC,,,B09RNFTG61,,,,,,0,,27.49,,0,137.45,5,,,,0,0.00,0.00,0.00
AMAZONFR,FR01,2023-12-30T00:00:00.000,00,,EUR,PC,,,B08499FVKQ,,,,,,0,,0.00,,0,0.00,0,,,,0,0.00,0.00,0.00
AMAZONFR,FR01,2023-12-30T00:00:00.000,00,,EUR,PC,,,B0BHX6FF3J,,,,,,0,,9.16,,1381,2482.36,271,1381,,,4,26.40,7692.17,12649.96
AMAZONFR,FR01,2023-12-30T00:00:00.000,00,,EUR,PC,,,B097SVSTFR,,,,,,0,,19.24,,131,423.28,22,131,,,0,0.00,2456.25,2520.44
AMAZONFR,FR01,2023-12-30T00:00:00.000,00,,EUR,PC,,,B0CCW2XDGM,,,,,,501,,29.16,,55,349.92,12,55,,,0,0.00,1159.22,1603.80
AMAZONFR,FR01,2023-12-30T00:00:00.000,00,,EUR,PC,,,B09NLQXDBZ,,,,,,0,,12.49,,36,62.45,5,36,,,0,0.00,364.32,449.64
AMAZONFR,FR01,2023-12-30T00:00:00.000,00,,EUR,PC,,,B08T5TKJXJ,,,,,,0,,38.47,,0,230.86,6,,,,0,0.00,0.00,0.00
AMAZONFR,FR01,2023-12-30T00:00:00.000,00,,EUR,PC,,,B08SR8F1D2,,,,,,0,,13.37,,245,26.74,2,245,,,0,0.00,3495.15,3275.65
AMAZONFR,FR01,2023-12-30T00:00:00.000,00,,EUR,PC,,,B07QD9GMW2,,,,,,0,,12.02,,0,962.31,80,0,,,0,0.00,0.00,0.00
AMAZONFR,FR01,2023-12-30T00:00:00.000,00,,EUR,PC,,,B0BT1VP6GH,,,,,,1232,,33.77,,0,2566.76,76,0,,,0,0.00,0.00,0.00
AMAZONFR,FR01,2023-12-30T00:00:00.000,00,,EUR,PC,,,B09RNGBPWR,,,,,,8019,,0.00,,0,5.00,0,0,,,0,0.00,0.00,0.00
AMAZONFR,FR01,2023-12-30T00:00:00.000,00,,EUR,PC,,,B0BJ2LQGLP,,,,,,0,,18.75,,0,168.75,9,,,,0,0.00,0.00,0.00
AMAZONFR,FR01,2023-12-30T00:00:00.000,00,,EUR,PC,,,B0848GQKQ4,,,,,,0,,58.30,,1437,524.74,9,1437,,,0,0.00,41399.97,83777.10
AMAZONFR,FR01,2023-12-30T00:00:00.000,00,,EUR,PC,,,B0848KXPZ2,,,,,,0,,46.56,,0,279.39,6,0,,,0,0.00,0.00,0.00
AMAZONFR,FR01,2023-12-30T00:00:00.000,00,,EUR,PC,,,B0BT1TGZG3,,,,,,528,,29.08,,16,2442.72,84,16,,,9,179.19,349.92,465.28
AMAZONFR,FR01,2023-12-30T00:00:00.000,00,,EUR,PC,,,B07GTB3H8T,,,,,,513,,9.00,,194,747.00,83,194,,,0,0.00,1354.12,1746.00
AMAZONFR,FR01,2023-12-30T00:00:00.000,00,,EUR,PC,,,B0886PP8B7,,,,,,28,,10.82,,186,746.58,69,186,,,21,144.83,997.25,2012.52
AMAZONFR,FR01,2023-12-30T00:00:00.000,00,,EUR,PC,,,B0BT24JKFF,,,,,,10,,16.66,,16,83.30,5,16,,,0,0.00,232.00,266.56
AMAZONFR,FR01,2023-12-30T00:00:00.000,00,,EUR,PC,,,B09BFWTFWP,,,,,,0,,17.63,,60,52.90,3,60,,,0,0.00,432.40,1057.80
AMAZONFR,FR01,2023-12-30T00:00:00.000,00,,EUR,PC,,,B09J8M5ZSB,,,,,,0,,15.68,,797,94.09,6,797,,,0,0.00,7079.88,12496.96
AMAZONFR,FR01,2023-12-30T00:00:00.000,00,,EUR,PC,,,B0B6W8D4WW,,,,,,1004,,16.66,,23,1616.02,97,23,,,1,12.49,305.75,383.18
AMAZONFR,FR01,2023-12-30T00:00:00.000,00,,EUR,PC,,,B08T5TY8L5,,,,,,0,,0.00,,0,0.00,0,,,,0,0.00,0.00,0.00
AMAZONFR,FR01,2023-12-30T00:00:00.000,00,,EUR,PC,,,B0848FXJ2S,,,,,,,,51.45,,0,51.45,1,,,,0,0.00,0.00,0.00
AMAZONFR,FR01,2023-12-30T00:00:00.000,00,,EUR,PC,,,B07KFVXVR3,,,,,,504,,4.99,,251,19.96,4,251,,,0,0.00,945.04,1252.49
AMAZONFR,FR01,2023-12-30T00:00:00.000,00,,EUR,PC,,,B0C2DBB9V8,,,,,,0,,35.41,,0,177.05,5,,,,0,0.00,0.00,0.00
AMAZONFR,FR01,2023-12-30T00:00:00.000,00,,EUR,PC,,,B0BRT8WB7V,,,,,,180,,15.81,,155,458.78,29,155,,,0,0.00,1935.95,2450.55
AMAZONFR,FR01,2023-12-30T00:00:00.000,00,,EUR,PC,,,B0953RY9LZ,,,,,,0,,16.66,,191,149.94,9,191,,,160,2406.71,2416.15,3182.06
AMAZONFR,FR01,2023-12-30T00:00:00.000,00,,EUR,PC,,,B09NLQSS5V,,,,,,,,16.66,,0,233.24,14,,,,0,0.00,0.00,0.00
AMAZONFR,FR01,2023-12-30T00:00:00.000,00,,EUR,PC,,,B0BRQXGWKH,,,,,,16,,44.34,,1800,1108.71,25,1800,,,0,0.00,49577.40,79812.00
AMAZONFR,FR01,2023-12-30T00:00:00.000,00,,EUR,PC,,,B09PMDPP95,,,,,,500,,24.99,,0,99.96,4,,,,0,0.00,0.00,0.00
AMAZONFR,FR01,2023-12-30T00:00:00.000,00,,EUR,PC,,,B0BRYH6DR8,,,,,,4684,,14.56,,8,2170.93,149,8,,,0,0.00,98.38,116.48
AMAZONFR,FR01,2023-12-30T00:00:00.000,00,,EUR,PC,,,B0BMG9259L,,,,,,0,,7.49,,94,29.96,4,94,,,0,0.00,528.28,704.06
AMAZONFR,FR01,2023-12-30T00:00:00.000,00,,EUR,PC,,,B09NNLWWHS,,,,,,0,,9.66,,1308,879.06,91,1308,,,1,4.93,10358.56,12635.28
AMAZONFR,FR01,2023-12-30T00:00:00.000,00,,EUR,PC,,,B082BVB5JG,,,,,,0,,10.75,,0,86.00,8,0,,,0,0.00,0.00,0.00
AMAZONFR,FR01,2023-12-30T00:00:00.000,00,,EUR,PC,,,B0BRT8BJXY,,,,,,500,,33.32,,548,33.32,1,548,,,2,28.44,8784.32,18259.36
AMAZONFR,FR01,2023-12-30T00:00:00.000,00,,EUR,PC,,,B084BJQKFZ,,,,,,0,,18.75,,372,300.00,16,372,,,7,61.53,3225.24,6975.00
AMAZONFR,FR01,2023-12-30T00:00:00.000,00,,EUR,PC,,,B0B1TX4W5B,,,,,,0,,8.34,,620,33.36,4,620,,,0,0.00,3354.20,5170.80
AMAZONFR,FR01,2023-12-30T00:00:00.000,00,,EUR,PC,,,B0CCW5JK7C,,,,,,0,,16.66,,4,16.66,1,4,,,0,0.00,49.72,66.64
AMAZONFR,FR01,2023-12-30T00:00:00.000,00,,EUR,PC,,,B08P5WM4WH,,,,,,1008,,12.49,,1052,949.24,76,1052,,,0,0.00,10775.27,13139.48
AMAZONFR,FR01,2023-12-30T00:00:00.000,00,,EUR,PC,,,B09S5MWM67,,,,,,0,,9.99,,60,459.54,46,60,,,1,9.38,330.00,599.40
AMAZONFR,FR01,2023-12-30T00:00:00.000,00,,EUR,PC,,,B09NLPY2L6,,,,,,0,,16.99,,434,322.86,19,434,,,0,0.00,8418.86,7373.66
AMAZONFR,FR01,2023-12-30T00:00:00.000,00,,EUR,PC,,,B0C2D9953Q,,,,,,18,,16.66,,77,33.32,2,77,,,0,0.00,1001.00,1282.82
AMAZONFR,FR01,2023-12-30T00:00:00.000,00,,EUR,PC,,,B0953SQZ2P,,,,,,,,11.66,,0,23.32,2,,,,0,0.00,0.00,0.00
AMAZONFR,FR01,2023-12-30T00:00:00.000,00,,EUR,PC,,,B0778W6Q2W,,,,,,0,,10.82,,79,854.78,79,79,,,3,17.79,480.80,854.78
AMAZONFR,FR01,2023-12-30T00:00:00.000,00,,EUR,PC,,,B0CCVZMP7F,,,,,,500,,29.16,,27,29.16,1,27,,,0,0.00,625.32,787.32
AMAZONFR,FR01,2023-12-30T00:00:00.000,00,,EUR,PC,,,B09J8FKHK9,,,,,,5826,,15.37,,338,2505.37,163,338,,,2,28.84,2810.92,5195.06
AMAZONFR,FR01,2023-12-30T00:00:00.000,00,,EUR,PC,,,B0B6W985RK,,,,,,0,,7.65,,0,153.12,20,0,,,1,4.42,0.00,0.00
AMAZONFR,FR01,2023-12-30T00:00:00.000,00,,EUR,PC,,,B0B2P9YYZ4,,,,,,1548,,16.66,,111,483.14,29,111,,,0,0.00,962.23,1849.26
AMAZONFR,FR01,2023-12-30T00:00:00.000,00,,EUR,PC,,,B09J927GQY,,,,,,5064,,16.66,,129,149.94,9,129,,,0,0.00,1627.98,2149.14
AMAZONFR,FR01,2023-12-30T00:00:00.000,00,,EUR,PC,,,B09J8JHP1L,,,,,,0,,15.82,,848,47.46,3,848,,,0,0.00,6911.14,13415.36
AMAZONFR,FR01,2023-12-30T00:00:00.000,00,,EUR,PC,,,B09NNLZZXC,,,,,,0,,33.32,,0,366.52,11,0,,,0,0.00,0.00,0.00
AMAZONFR,FR01,2023-12-30T00:00:00.000,00,,EUR,PC,,,B09NLSGKQY,,,,,,,,37.49,,1,37.49,1,1,,,0,0.00,27.05,37.49
AMAZONFR,FR01,2023-12-30T00:00:00.000,00,,EUR,PC,,,B0BJ2C8SRY,,,,,,0,,20.82,,116,770.34,37,116,,,0,0.00,1262.11,2415.12
AMAZONFR,FR01,2023-12-30T00:00:00.000,00,,EUR,PC,,,B08T1JK2JJ,,,,,,0,,15.29,,104,30.58,2,104,,,0,0.00,659.77,1590.16
AMAZONFR,FR01,2023-12-30T00:00:00.000,00,,EUR,PC,,,B09NNM8H9M,,,,,,,,0.00,,6,0.00,0,6,,,1,14.37,78.60,0.00
AMAZONFR,FR01,2023-12-30T00:00:00.000,00,,EUR,PC,,,B09J8YZBCX,,,,,,,,0.00,,0,0.00,0,,,,0,0.00,0.00,0.00
AMAZONFR,FR01,2023-12-30T00:00:00.000,00,,EUR,PC,,,B0B1TZ1MS3,,,,,,0,,9.41,,1,47.05,5,1,,,0,0.00,4.99,9.41
AMAZONFR,FR01,2023-12-30T00:00:00.000,00,,EUR,PC,,,B0BRQXC2D8,,,,,,,,16.66,,0,99.96,6,,,,0,0.00,0.00,0.00
AMAZONFR,FR01,2023-12-30T00:00:00.000,00,,EUR,PC,,,B0886SN2RB,,,,,,,,0.00,,0,0.00,0,,,,0,0.00,0.00,0.00
AMAZONFR,FR01,2023-12-30T00:00:00.000,00,,EUR,PC,,,B08SVYPYK7,,,,,,,,28.87,,544,-28.87,-1,544,,,1,13.81,8603.51,15705.28
AMAZONFR,FR01,2023-12-30T00:00:00.000,00,,EUR,PC,,,B0BJ2CPBWK,,,,,,0,,33.39,,905,1736.30,52,905,,,0,0.00,18995.95,30217.95
AMAZONFR,FR01,2023-12-30T00:00:00.000,00,,EUR,PC,,,B07Q6GCG1Q,,,,,,0,,4.99,,63,29.94,6,63,,,0,0.00,236.25,314.37
AMAZONFR,FR01,2023-12-30T00:00:00.000,00,,EUR,PC,,,B09NLSB2T9,,,,,,0,,33.32,,5,33.32,1,5,,,0,0.00,125.00,166.60
AMAZONFR,FR01,2023-12-30T00:00:00.000,00,,EUR,PC,,,B0BSFY7V66,,,,,,,,125.02,,0,-125.02,-1,,,,0,0.00,0.00,0.00
AMAZONFR,FR01,2023-12-30T00:00:00.000,00,,EUR,PC,,,B08SBTTV49,,,,,,604,,12.07,,1648,555.22,46,1648,,,2,10.72,8662.19,19891.36
AMAZONFR,FR01,2023-12-30T00:00:00.000,00,,EUR,PC,,,B08SR72PMM,,,,,,4324,,24.16,,240,652.32,27,240,,,0,0.00,4072.80,5798.40
AMAZONFR,FR01,2023-12-30T00:00:00.000,00,,EUR,PC,,,B09NLBHSQX,,,,,,0,,0.00,,138,0.00,0,138,,,0,0.00,11248.38,0.00
AMAZONFR,FR01,2023-12-30T00:00:00.000,00,,EUR,PC,,,B08T1FHFJR,,,,,,0,,9.54,,1,124.06,13,1,,,0,0.00,7.11,9.54
AMAZONFR,FR01,2023-12-30T00:00:00.000,00,,EUR,PC,,,B08N6ZFZK4,,,,,,0,,14.99,,0,89.94,6,,,,0,0.00,0.00,0.00
AMAZONFR,FR01,2023-12-30T00:00:00.000,00,,EUR,PC,,,B09RP7NV54,,,,,,0,,29.48,,693,58.97,2,693,,,0,0.00,12594.86,20429.64
AMAZONFR,FR01,2023-12-30T00:00:00.000,00,,EUR,PC,,,B09RVC223Y,,,,,,0,,31.28,,0,125.12,4,,,,0,0.00,0.00,0.00
AMAZONFR,FR01,2023-12-30T00:00:00.000,00,,EUR,PC,,,B08PDTSZXW,,,,,,0,,22.93,,480,68.82,3,480,,,0,0.00,2529.07,11006.40
AMAZONFR,FR01,2023-12-30T00:00:00.000,00,,EUR,PC,,,B09GBHYG3V,,,,,,,,40.82,,0,204.10,5,,,,0,0.00,0.00,0.00
AMAZONFR,FR01,2023-12-30T00:00:00.000,00,,EUR,PC,,,B0BHZ7F286,,,,,,0,,12.49,,1614,87.43,7,1614,,,0,0.00,9072.95,20158.86
AMAZONFR,FR01,2023-12-30T00:00:00.000,00,,EUR,PC,,,B0CCW1BWCH,,,,,,782,,10.82,,107,119.02,11,107,,,0,0.00,966.21,1157.74
AMAZONFR,FR01,2023-12-30T00:00:00.000,00,,EUR,PC,,,B082WJCZBN,,,,,,0,,10.75,,6,21.50,2,6,,,0,0.00,57.72,64.50
AMAZONFR,FR01,2023-12-30T00:00:00.000,00,,EUR,PC,,,B084PTWQ91,,,,,,,,23.61,,0,47.22,2,,,,0,0.00,0.00,0.00
AMAZONFR,FR01,2023-12-30T00:00:00.000,00,,EUR,PC,,,B0B63HNDNX,,,,,,0,,18.32,,0,54.96,3,,,,0,0.00,0.00,0.00
AMAZONFR,FR01,2023-12-30T00:00:00.000,00,,EUR,PC,,,B08N6Z4FV1,,,,,,0,,13.60,,0,95.20,7,,,,0,0.00,0.00,0.00
AMAZONFR,FR01,2023-12-30T00:00:00.000,00,,EUR,PC,,,B0BRT8PK5N,,,,,,0,,12.49,,0,12.49,1,,,,0,0.00,0.00,0.00
AMAZONFR,FR01,2023-12-30T00:00:00.000,00,,EUR,PC,,,B09BFZRFK1,,,,,,0,,16.66,,0,16.66,1,,,,0,0.00,0.00,0.00
AMAZONFR,FR01,2023-12-30T00:00:00.000,00,,EUR,PC,,,B09SVVG5LW,,,,,,0,,31.92,,280,-31.92,-1,280,,,0,0.00,5719.14,8937.60
AMAZONFR,FR01,2023-12-30T00:00:00.000,00,,EUR,PC,,,B0883NP1JZ,,,,,,0,,14.98,,2,164.89,11,2,,,1,12.65,22.00,29.96
AMAZONFR,FR01,2023-12-30T00:00:00.000,00,,EUR,PC,,,B09NNKRZ97,,,,,,499,,16.32,,2381,1305.60,80,2381,,,5,52.52,17753.33,38857.92
AMAZONFR,FR01,2023-12-30T00:00:00.000,00,,EUR,PC,,,B0BJ2F2HMF,,,,,,2980,,7.49,,5,771.47,103,5,,,4,20.62,28.10,37.45
AMAZONFR,FR01,2023-12-30T00:00:00.000,00,,EUR,PC,,,B0BJ2D57J1,,,,,,4,,20.12,,1626,161.03,8,1626,,,0,0.00,17548.49,32715.12
AMAZONFR,FR01,2023-12-30T00:00:00.000,00,,EUR,PC,,,B0B92R2H44,,,,,,0,,0.00,,23,0.00,0,23,,,0,0.00,227.01,0.00
AMAZONFR,FR01,2023-12-30T00:00:00.000,00,,EUR,PC,,,B08FCS12JL,,,,,,0,,16.64,,1992,49.93,3,1992,,,0,0.00,23556.19,33146.88
AMAZONFR,FR01,2023-12-30T00:00:00.000,00,,EUR,PC,,,B0BRT8F6ML,,,,,,0,,16.66,,0,316.54,19,0,,,0,0.00,0.00,0.00
AMAZONFR,FR01,2023-12-30T00:00:00.000,00,,EUR,PC,,,B09RVB939N,,,,,,0,,34.05,,5,102.15,3,5,,,0,0.00,156.75,170.25
AMAZONFR,FR01,2023-12-30T00:00:00.000,00,,EUR,PC,,,B0CCW3T8JY,,,,,,500,,10.82,,408,97.38,9,408,,,0,0.00,3524.25,4414.56
AMAZONFR,FR01,2023-12-30T00:00:00.000,00,,EUR,PC,,,B0883M3W45,,,,,,0,,24.99,,63,24.99,1,63,,,0,0.00,1448.37,1574.37
AMAZONFR,FR01,2023-12-30T00:00:00.000,00,,EUR,PC,,,B078T3XMK7,,,,,,0,,10.82,,0,10.82,1,,,,0,0.00,0.00,0.00
AMAZONFR,FR01,2023-12-30T00:00:00.000,00,,EUR,PC,,,B06XS4M77V,,,,,,0,,6.18,,193,105.06,17,193,,,0,0.00,542.05,1192.74
AMAZONFR,FR01,2023-12-30T00:00:00.000,00,,EUR,PC,,,B0886RQKFG,,,,,,0,,10.82,,68,64.92,6,68,,,0,0.00,518.16,735.76
AMAZONFR,FR01,2023-12-30T00:00:00.000,00,,EUR,PC,,,B0C4LVFSFQ,,,,,,,,16.66,,0,16.66,1,,,,0,0.00,0.00,0.00
AMAZONFR,FR01,2023-12-30T00:00:00.000,00,,EUR,PC,,,B08N6Y3Y5P,,,,,,1074,,7.84,,1,305.76,39,1,,,0,0.00,6.86,7.84
AMAZONFR,FR01,2023-12-30T00:00:00.000,00,,EUR,PC,,,B07NDR2RHC,,,,,,0,,12.00,,0,12.00,1,,,,0,0.00,0.00,0.00
AMAZONFR,FR01,2023-12-30T00:00:00.000,00,,EUR,PC,,,B0CFB3R3FK,,,,,,0,,15.68,,0,31.36,2,,,,0,0.00,0.00,0.00
AMAZONFR,FR01,2023-12-30T00:00:00.000,00,,EUR,PC,,,B0B6WMYBS9,,,,,,0,,13.62,,367,721.86,53,367,,,0,0.00,4941.78,4998.54
AMAZONFR,FR01,2023-12-30T00:00:00.000,00,,EUR,PC,,,B0BRT9F317,,,,,,,,49.98,,0,249.95,5,,,,0,0.00,0.00,0.00
AMAZONFR,FR01,2023-12-30T00:00:00.000,00,,EUR,PC,,,B0BRT8MRRX,,,,,,6,,24.96,,1718,1298.19,52,1718,,,7,133.00,20490.75,42881.28
AMAZONFR,FR01,2023-12-30T00:00:00.000,00,,EUR,PC,,,B07MNLXJ11,,,,,,18532,,18.32,,2796,4874.78,266,2796,,,51,574.99,31458.44,51222.72
AMAZONFR,FR01,2023-12-30T00:00:00.000,00,,EUR,PC,,,B0BRYHZBPX,,,,,,2,,16.68,,944,2185.80,131,944,,,0,0.00,7528.92,15745.92
AMAZONFR,FR01,2023-12-30T00:00:00.000,00,,EUR,PC,,,B09V5QSL57,,,,,,0,,19.16,,13,919.68,48,13,,,0,0.00,203.19,249.08
AMAZONFR,FR01,2023-12-30T00:00:00.000,00,,EUR,PC,,,B09BFZGV4S,,,,,,0,,12.21,,205,146.64,12,205,,,1,4.59,1947.41,2503.05
AMAZONFR,FR01,2023-12-30T00:00:00.000,00,,EUR,PC,,,B09J8DW4FQ,,,,,,0,,16.71,,64,133.71,8,64,,,0,0.00,836.48,1069.44
AMAZONFR,FR01,2023-12-30T00:00:00.000,00,,EUR,PC,,,B0B4YD5K72,,,,,,0,,41.58,,535,4490.64,108,535,,,1,40.00,19630.35,22245.30
AMAZONFR,FR01,2023-12-30T00:00:00.000,00,,EUR,PC,,,B0BT24GMQJ,,,,,,1012,,14.16,,38,141.60,10,38,,,0,0.00,494.00,538.08
AMAZONFR,FR01,2023-12-30T00:00:00.000,00,,EUR,PC,,,B0BSFWCCQ2,,,,,,0,,16.66,,15,16.66,1,15,,,0,0.00,96.60,249.90
AMAZONFR,FR01,2023-12-30T00:00:00.000,00,,EUR,PC,,,B09RVBMXH1,,,,,,0,,0.00,,0,0.00,0,,,,0,0.00,0.00,0.00
AMAZONFR,FR01,2023-12-30T00:00:00.000,00,,EUR,PC,,,B08T6FGJNC,,,,,,0,,14.16,,55,14.16,1,55,,,0,0.00,618.75,778.80
AMAZONFR,FR01,2023-12-30T00:00:00.000,00,,EUR,PC,,,B0BJ2G1ZD5,,,,,,1002,,24.27,,30,2427.11,100,30,,,3,36.01,656.70,728.10
AMAZONFR,FR01,2023-12-30T00:00:00.000,00,,EUR,PC,,,B0BS72KJGM,,,,,,9,,8.48,,741,110.36,13,741,,,0,0.00,4360.61,6283.68
AMAZONFR,FR01,2023-12-30T00:00:00.000,00,,EUR,PC,,,B0C2D95YJR,,,,,,0,,16.66,,125,483.14,29,125,,,0,0.00,1656.25,2082.50
AMAZONFR,FR01,2023-12-30T00:00:00.000,00,,EUR,PC,,,B0B1TSRCK6,,,,,,0,,0.00,,326,0.00,0,326,,,0,0.00,5688.84,0.00
AMAZONFR,FR01,2023-12-30T00:00:00.000,00,,EUR,PC,,,B0B4YFFDVP,,,,,,,,19.16,,10,38.32,2,10,,,0,0.00,143.70,191.60
AMAZONFR,FR01,2023-12-30T00:00:00.000,00,,EUR,PC,,,B08P5X2QCH,,,,,,12,,12.49,,38,374.70,30,38,,,0,0.00,297.18,474.62
AMAZONFR,FR01,2023-12-30T00:00:00.000,00,,EUR,PC,,,B09B2KBM4X,,,,,,0,,15.62,,0,15.62,1,,,,0,0.00,0.00,0.00
AMAZONFR,FR01,2023-12-30T00:00:00.000,00,,EUR,PC,,,B084BJJ5PJ,,,,,,0,,23.32,,0,93.28,4,,,,0,0.00,0.00,0.00
AMAZONFR,FR01,2023-12-30T00:00:00.000,00,,EUR,PC,,,B08P3VVL31,,,,,,,,40.48,,1,40.48,1,1,,,0,0.00,21.85,40.48
AMAZONFR,FR01,2023-12-30T00:00:00.000,00,,EUR,PC,,,B0CCW38ZKZ,,,,,,650,,10.82,,346,411.16,38,346,,,0,0.00,2860.63,3743.72
AMAZONFR,FR01,2023-12-30T00:00:00.000,00,,EUR,PC,,,B08S71687H,,,,,,,,0.00,,95,0.00,0,95,,,0,0.00,1431.78,0.00
AMAZONFR,FR01,2023-12-30T00:00:00.000,00,,EUR,PC,,,B08T23392Q,,,,,,,,12.49,,113,24.98,2,113,,,0,0.00,828.49,1411.37
AMAZONFR,FR01,2023-12-30T00:00:00.000,00,,EUR,PC,,,B084BNW2PW,,,,,,0,,0.00,,1,0.00,0,1,,,0,0.00,19.79,0.00
AMAZONFR,FR01,2023-12-30T00:00:00.000,00,,EUR,PC,,,B09J8DZC68,,,,,,0,,8.32,,1201,158.08,19,1201,,,0,0.00,7022.36,9992.32
AMAZONFR,FR01,2023-12-30T00:00:00.000,00,,EUR,PC,,,B09577C387,,,,,,0,,16.58,,748,712.94,43,748,,,0,0.00,6102.91,12401.84
AMAZONFR,FR01,2023-12-30T00:00:00.000,00,,EUR,PC,,,B08SR7JJX4,,,,,,658,,10.82,,1263,1817.76,168,1263,,,0,0.00,10608.27,13665.66
AMAZONFR,FR01,2023-12-30T00:00:00.000,00,,EUR,PC,,,B08N6YQFQR,,,,,,2952,,10.81,,8,400.34,37,8,,,0,0.00,60.96,86.48
AMAZONFR,FR01,2023-12-30T00:00:00.000,00,,EUR,PC,,,B08S6ZJ8DM,,,,,,0,,14.16,,0,354.00,25,,,,0,0.00,0.00,0.00
AMAZONFR,FR01,2023-12-30T00:00:00.000,00,,EUR,PC,,,B0BRT95SYS,,,,,,978,,25.11,,354,853.83,34,354,,,1,23.74,5050.46,8888.94
AMAZONFR,FR01,2023-12-30T00:00:00.000,00,,EUR,PC,,,B08GQ8MRGM,,,,,,0,,0.00,,55,0.00,0,55,,,0,0.00,529.10,0.00
AMAZONFR,FR01,2023-12-30T00:00:00.000,00,,EUR,PC,,,B0B4YLLV8J,,,,,,120,,20.82,,74,166.56,8,74,,,0,0.00,1107.04,1540.68
AMAZONFR,FR01,2023-12-30T00:00:00.000,00,,EUR,PC,,,B08T24V5ZH,,,,,,0,,13.85,,138,13.85,1,138,,,0,0.00,981.18,1911.30
AMAZONFR,FR01,2023-12-30T00:00:00.000,00,,EUR,PC,,,B09BFYNKTX,,,,,,,,0.00,,4,0.00,0,4,,,0,0.00,33.40,0.00
AMAZONFR,FR01,2023-12-30T00:00:00.000,00,,EUR,PC,,,B09NHWPPL6,,,,,,0,,0.00,,1,0.00,0,1,,,2,28.50,13.98,0.00
AMAZONFR,FR01,2023-12-30T00:00:00.000,00,,EUR,PC,,,B0CCW262CJ,,,,,,440,,10.82,,164,64.92,6,164,,,0,0.00,1478.52,1774.48
AMAZONFR,FR01,2023-12-30T00:00:00.000,00,,EUR,PC,,,B0B63HN5TR,,,,,,0,,10.82,,147,32.46,3,147,,,0,0.00,1193.64,1590.54
AMAZONFR,FR01,2023-12-30T00:00:00.000,00,,EUR,PC,,,B08N6SP2P1,,,,,,6,,10.82,,519,238.04,22,519,,,0,0.00,2957.39,5615.58
AMAZONFR,FR01,2023-12-30T00:00:00.000,00,,EUR,PC,,,B0B6WQ81W1,,,,,,1000,,11.65,,507,279.84,24,507,,,0,0.00,5843.60,5906.55
AMAZONFR,FR01,2023-12-30T00:00:00.000,00,,EUR,PC,,,B0BRYHVWR2,,,,,,4336,,16.66,,12,1616.02,97,12,,,1,7.34,156.00,199.92
AMAZONFR,FR01,2023-12-30T00:00:00.000,00,,EUR,PC,,,B0C2D78LKT,,,,,,0,,16.66,,0,299.88,18,,,,0,0.00,0.00,0.00
AMAZONFR,FR01,2023-12-30T00:00:00.000,00,,EUR,PC,,,B06XW91YDQ,,,,,,,,12.49,,0,12.49,1,0,,,1,7.30,0.00,0.00
AMAZONFR,FR01,2023-12-30T00:00:00.000,00,,EUR,PC,,,B0B9T7G2HL,,,,,,0,,14.99,,90,389.74,26,90,,,0,0.00,1800.00,1349.10
AMAZONFR,FR01,2023-12-30T00:00:00.000,00,,EUR,PC,,,B099T9JDNR,,,,,,0,,12.49,,1,174.86,14,1,,,0,0.00,9.47,12.49
AMAZONFR,FR01,2023-12-30T00:00:00.000,00,,EUR,PC,,,B0BJ2CRYXT,,,,,,0,,15.82,,433,31.65,2,433,,,0,0.00,4501.23,6850.06
AMAZONFR,FR01,2023-12-30T00:00:00.000,00,,EUR,PC,,,B082DWB4LM,,,,,,,,11.36,,131,11.36,1,131,,,0,0.00,1400.39,1488.16
AMAZONFR,FR01,2023-12-30T00:00:00.000,00,,EUR,PC,,,B09FG59Y5D,,,,,,3036,,7.48,,411,636.65,85,411,,,2,6.50,2368.93,3074.28
AMAZONFR,FR01,2023-12-30T00:00:00.000,00,,EUR,PC,,,B08T5V5YBC,,,,,,0,,62.58,,150,250.33,4,150,,,2,95.85,7193.07,9387.00
AMAZONFR,FR01,2023-12-30T00:00:00.000,00,,EUR,PC,,,B07WMJ64KN,,,,,,1192,,14.85,,0,252.56,17,,,,0,0.00,0.00,0.00
AMAZONFR,FR01,2023-12-30T00:00:00.000,00,,EUR,PC,,,B09J8JRK42,,,,,,0,,0.00,,28,0.00,0,28,,,0,0.00,248.36,0.00
AMAZONFR,FR01,2023-12-30T00:00:00.000,00,,EUR,PC,,,B08NK6K4L1,,,,,,0,,21.74,,104,1022.05,47,104,,,0,0.00,1311.44,2260.96
AMAZONFR,FR01,2023-12-30T00:00:00.000,00,,EUR,PC,,,B00KQWHQ36,,,,,,0,,0.00,,30,0.00,0,30,,,0,0.00,159.30,0.00
AMAZONFR,FR01,2023-12-30T00:00:00.000,00,,EUR,PC,,,B0CFBHC1SJ,,,,,,632,,12.49,,324,12.49,1,324,,,0,0.00,3236.76,4046.76
AMAZONFR,FR01,2023-12-30T00:00:00.000,00,,EUR,PC,,,B0BRT79FPD,,,,,,1008,,20.82,,75,291.48,14,75,,,0,0.00,1334.97,1561.50
AMAZONFR,FR01,2023-12-30T00:00:00.000,00,,EUR,PC,,,B09RQVZPRQ,,,,,,0,,33.61,,0,470.64,14,,,,0,0.00,0.00,0.00
AMAZONFR,FR01,2023-12-30T00:00:00.000,00,,EUR,PC,,,B0BSXNHBXW,,,,,,1473,,0.00,,55,0.00,0,55,,,0,0.00,522.50,0.00
AMAZONFR,FR01,2023-12-30T00:00:00.000,00,,EUR,PC,,,B0B5V8MXKL,,,,,,0,,33.00,,22,594.16,18,22,,,0,0.00,338.14,726.00
AMAZONFR,FR01,2023-12-30T00:00:00.000,00,,EUR,PC,,,B0B1TV2ZD7,,,,,,0,,11.36,,976,249.96,22,976,,,5,71.27,13880.94,11087.36
AMAZONFR,FR01,2023-12-30T00:00:00.000,00,,EUR,PC,,,B0953SQXDZ,,,,,,0,,6.66,,114,19.98,3,114,,,1,3.48,396.72,759.24
AMAZONFR,FR01,2023-12-30T00:00:00.000,00,,EUR,PC,,,B07P4JPNFB,,,,,,0,,113.82,,1,-113.82,-1,1,,,0,0.00,62.21,113.82
AMAZONFR,FR01,2023-12-30T00:00:00.000,00,,EUR,PC,,,B0C2D9LVHK,,,,,,0,,13.64,,33,40.92,3,33,,,0,0.00,429.00,450.12
AMAZONFR,FR01,2023-12-30T00:00:00.000,00,,EUR,PC,,,B0CCVZYVBS,,,,,,2000,,10.81,,0,75.74,7,0,,,0,0.00,0.00,0.00
AMAZONFR,FR01,2023-12-30T00:00:00.000,00,,EUR,PC,,,B08SR87NPS,,,,,,44,,33.32,,246,599.76,18,246,,,1,18.77,4617.42,8196.72
AMAZONFR,FR01,2023-12-30T00:00:00.000,00,,EUR,PC,,,B08T22CV82,,,,,,4024,,16.36,,5,1947.26,119,5,,,0,0.00,68.75,81.80
AMAZONFR,FR01,2023-12-30T00:00:00.000,00,,EUR,PC,,,B0B252YYCT,,,,,,400,,16.66,,158,299.88,18,158,,,0,0.00,2054.00,2632.28
AMAZONFR,FR01,2023-12-30T00:00:00.000,00,,EUR,PC,,,B095798PJD,,,,,,0,,7.57,,0,22.74,3,,,,0,0.00,0.00,0.00
AMAZONFR,FR01,2023-12-30T00:00:00.000,00,,EUR,PC,,,B08SR5BMPF,,,,,,0,,60.51,,344,605.11,10,344,,,0,0.00,10106.72,20815.44
AMAZONFR,FR01,2023-12-30T00:00:00.000,00,,EUR,PC,,,B09J8JW8Y4,,,,,,0,,12.49,,0,24.98,2,,,,0,0.00,0.00,0.00
AMAZONFR,FR01,2023-12-30T00:00:00.000,00,,EUR,PC,,,B0CCW3HKXB,,,,,,3050,,10.82,,179,119.02,11,179,,,0,0.00,1616.37,1936.78
AMAZONFR,FR01,2023-12-30T00:00:00.000,00,,EUR,PC,,,B0BHX8Q9C4,,,,,,60,,24.99,,50,74.97,3,50,,,0,0.00,1125.00,1249.50
AMAZONFR,FR01,2023-12-30T00:00:00.000,00,,EUR,PC,,,B09RQWGTPG,,,,,,0,,14.95,,2167,89.71,6,2167,,,0,0.00,34278.89,32396.65
AMAZONFR,FR01,2023-12-30T00:00:00.000,00,,EUR,PC,,,B0971RWP1K,,,,,,0,,0.00,,0,0.00,0,0,,,1,18.74,0.00,0.00
AMAZONFR,FR01,2023-12-30T00:00:00.000,00,,EUR,PC,,,B09BVNH5K3,,,,,,0,,28.02,,246,28.02,1,246,,,0,0.00,6438.60,6892.92
AMAZONFR,FR01,2023-12-30T00:00:00.000,00,,EUR,PC,,,B0BT1WFD9V,,,,,,0,,19.16,,97,114.96,6,97,,,0,0.00,1002.46,1858.52
AMAZONFR,FR01,2023-12-30T00:00:00.000,00,,EUR,PC,,,B0BRQXKW3C,,,,,,0,,20.82,,225,582.96,28,225,,,0,0.00,3514.41,4684.50
AMAZONFR,FR01,2023-12-30T00:00:00.000,00,,EUR,PC,,,B07WGHZMH1,,,,,,1076,,12.48,,0,574.54,46,0,,,1,5.37,0.00,0.00
AMAZONFR,FR01,2023-12-30T00:00:00.000,00,,EUR,PC,,,B08T1N7X8M,,,,,,0,,9.62,,79,163.54,17,79,,,0,0.00,583.81,759.98
AMAZONFR,FR01,2023-12-30T00:00:00.000,00,,EUR,PC,,,B09J8GR28W,,,,,,0,,13.60,,390,54.40,4,390,,,0,0.00,3725.77,5304.00
AMAZONFR,FR01,2023-12-30T00:00:00.000,00,,EUR,PC,,,B08T1XQM1X,,,,,,0,,10.48,,5,2768.50,264,5,,,0,0.00,45.15,52.40
AMAZONFR,FR01,2023-12-30T00:00:00.000,00,,EUR,PC,,,B0BRT6KM9X,,,,,,175,,13.99,,8,111.92,8,8,,,2,20.30,125.04,111.92
AMAZONFR,FR01,2023-12-30T00:00:00.000,00,,EUR,PC,,,B09BFZ8KLK,,,,,,0,,12.49,,60,87.43,7,60,,,0,0.00,607.20,749.40
AMAZONFR,FR01,2023-12-30T00:00:00.000,00,,EUR,PC,,,B0BT1SHQ2J,,,,,,13,,13.52,,150,67.60,5,150,,,0,0.00,1224.03,2028.00
AMAZONFR,FR01,2023-12-30T00:00:00.000,00,,EUR,PC,,,B08SWKD5BL,,,,,,,,52.27,,0,104.55,2,,,,0,0.00,0.00,0.00
AMAZONFR,FR01,2023-12-30T00:00:00.000,00,,EUR,PC,,,B08P5YS5N1,,,,,,996,,24.99,,0,49.98,2,,,,0,0.00,0.00,0.00
AMAZONFR,FR01,2023-12-30T00:00:00.000,00,,EUR,PC,,,B0883LG9XG,,,,,,0,,16.66,,0,166.60,10,,,,0,0.00,0.00,0.00
AMAZONFR,FR01,2023-12-30T00:00:00.000,00,,EUR,PC,,,B09V5R3KFY,,,,,,0,,12.48,,378,137.39,11,378,,,1,9.38,3545.64,4717.44
AMAZONFR,FR01,2023-12-30T00:00:00.000,00,,EUR,PC,,,B09NP3NMMM,,,,,,0,,17.78,,773,-17.78,-1,773,,,0,0.00,10494.01,13743.94
AMAZONFR,FR01,2023-12-30T00:00:00.000,00,,EUR,PC,,,B0BRT8YV8K,,,,,,0,,29.92,,8,329.17,11,8,,,0,0.00,174.96,239.36
AMAZONFR,FR01,2023-12-30T00:00:00.000,00,,EUR,PC,,,B08S7K59Y2,,,,,,4911,,23.25,,2511,4696.50,202,2511,,,0,0.00,32684.55,58380.75
AMAZONFR,FR01,2023-12-30T00:00:00.000,00,,EUR,PC,,,B09NLB1SWH,,,,,,0,,24.92,,0,199.36,8,,,,0,0.00,0.00,0.00
AMAZONFR,FR01,2023-12-30T00:00:00.000,00,,EUR,PC,,,B0B6W7W42Y,,,,,,18,,8.42,,0,2106.41,250,0,,,4,57.46,0.00,0.00
AMAZONFR,FR01,2023-12-30T00:00:00.000,00,,EUR,PC,,,B08P5XX61C,,,,,,0,,13.41,,55,321.98,24,55,,,0,0.00,427.55,737.55
AMAZONFR,FR01,2023-12-30T00:00:00.000,00,,EUR,PC,,,B0B9T6XKKP,,,,,,0,,14.99,,204,254.83,17,204,,,0,0.00,2421.48,3057.96
AMAZONFR,FR01,2023-12-30T00:00:00.000,00,,EUR,PC,,,B08T5PRFSZ,,,,,,0,,17.49,,3,157.41,9,3,,,0,0.00,41.31,52.47
AMAZONFR,FR01,2023-12-30T00:00:00.000,00,,EUR,PC,,,B08T5CVHSG,,,,,,0,,12.49,,13,87.43,7,13,,,0,0.00,118.56,162.37
AMAZONFR,FR01,2023-12-30T00:00:00.000,00,,EUR,PC,,,B09RP9H7YS,,,,,,0,,24.91,,346,498.40,20,346,,,3,77.88,7591.13,8618.86
AMAZONFR,FR01,2023-12-30T00:00:00.000,00,,EUR,PC,,,B0CDH73PG4,,,,,,6,,16.66,,488,16.66,1,488,,,0,0.00,6466.00,8130.08
AMAZONFR,FR01,2023-12-30T00:00:00.000,00,,EUR,PC,,,B09577WYP3,,,,,,0,,17.26,,0,155.34,9,,,,0,0.00,0.00,0.00
AMAZONFR,FR01,2023-12-30T00:00:00.000,00,,EUR,PC,,,B09NL9TDZH,,,,,,0,,12.99,,0,25.98,2,,,,0,0.00,0.00,0.00
AMAZONFR,FR01,2023-12-30T00:00:00.000,00,,EUR,PC,,,B0BSN67H7Z,,,,,,0,,31.69,,0,31.69,1,,,,0,0.00,0.00,0.00
AMAZONFR,FR01,2023-12-30T00:00:00.000,00,,EUR,PC,,,B09J8FKY6L,,,,,,0,,15.67,,330,125.36,8,330,,,1,8.36,2766.95,5171.10
AMAZONFR,FR01,2023-12-30T00:00:00.000,00,,EUR,PC,,,B0BRT7XWGW,,,,,,0,,12.49,,138,212.33,17,138,,,0,0.00,1123.50,1723.62
AMAZONFR,FR01,2023-12-30T00:00:00.000,00,,EUR,PC,,,B09VD9WJLG,,,,,,0,,12.24,,897,110.21,9,897,,,1,10.21,11457.49,10979.28
AMAZONFR,FR01,2023-12-30T00:00:00.000,00,,EUR,PC,,,B08T1HCK2V,,,,,,0,,16.29,,0,16.29,1,,,,0,0.00,0.00,0.00
AMAZONFR,FR01,2023-12-30T00:00:00.000,00,,EUR,PC,,,B08T1B969V,,,,,,,,10.83,,0,32.49,3,,,,0,0.00,0.00,0.00
AMAZONFR,FR01,2023-12-30T00:00:00.000,00,,EUR,PC,,,B08S6XXPTV,,,,,,0,,19.91,,61,995.95,50,61,,,1,13.80,841.80,1214.51
AMAZONFR,FR01,2023-12-30T00:00:00.000,00,,EUR,PC,,,B00DB1HXNW,,,,,,0,,24.99,,8,24.99,1,8,,,0,0.00,178.00,199.92
AMAZONFR,FR01,2023-12-30T00:00:00.000,00,,EUR,PC,,,B0BSFXT44C,,,,,,93,,37.49,,3400,2549.32,68,3400,,,6,236.88,83918.80,127466.00
AMAZONFR,FR01,2023-12-30T00:00:00.000,00,,EUR,PC,,,B0CCW34H1R,,,,,,0,,24.99,,42,24.99,1,42,,,0,0.00,783.30,1049.58
AMAZONFR,FR01,2023-12-30T00:00:00.000,00,,EUR,PC,,,B09NNL2539,,,,,,0,,0.00,,1,0.00,0,1,,,0,0.00,9.37,0.00
AMAZONFR,FR01,2023-12-30T00:00:00.000,00,,EUR,PC,,,B07P3GFGS8,,,,,,0,,28.77,,16,920.64,32,16,,,4,116.80,467.20,460.32
AMAZONFR,FR01,2023-12-30T00:00:00.000,00,,EUR,PC,,,B081KG836W,,,,,,0,,5.82,,30,221.16,38,30,,,0,0.00,104.10,174.60
AMAZONFR,FR01,2023-12-30T00:00:00.000,00,,EUR,PC,,,B0BBPYTFG1,,,,,,1,,49.80,,619,199.23,4,619,,,0,0.00,17082.41,30826.20
AMAZONFR,FR01,2023-12-30T00:00:00.000,00,,EUR,PC,,,B0883PZ5XD,,,,,,0,,8.32,,0,24.96,3,,,,0,0.00,0.00,0.00
AMAZONFR,FR01,2023-12-30T00:00:00.000,00,,EUR,PC,,,B0B6W47YRS,,,,,,0,,16.77,,761,117.39,7,761,,,0,0.00,13461.92,12761.97
AMAZONFR,FR01,2023-12-30T00:00:00.000,00,,EUR,PC,,,B09NHWPSZY,,,,,,0,,0.00,,37,0.00,0,37,,,0,0.00,1230.25,0.00
AMAZONFR,FR01,2023-12-30T00:00:00.000,00,,EUR,PC,,,B0BJ2D2GXX,,,,,,-14,,16.61,,3,1412.56,85,3,,,4,36.72,34.16,49.83
AMAZONFR,FR01,2023-12-30T00:00:00.000,00,,EUR,PC,,,B01D8NRYOK,,,,,,1822,,30.60,,7,306.07,10,7,,,0,0.00,140.78,214.20
AMAZONFR,FR01,2023-12-30T00:00:00.000,00,,EUR,PC,,,B0B9W1H2GK,,,,,,0,,28.43,,1015,113.72,4,1015,,,0,0.00,14387.26,28856.45
AMAZONFR,FR01,2023-12-30T00:00:00.000,00,,EUR,PC,,,B0B4YLW63H,,,,,,0,,12.42,,137,1577.34,127,137,,,1,5.96,1116.47,1701.54
AMAZONFR,FR01,2023-12-30T00:00:00.000,00,,EUR,PC,,,B0BT23TTMK,,,,,,300,,15.83,,199,807.66,51,199,,,6,74.58,2473.57,3150.17
AMAZONFR,FR01,2023-12-30T00:00:00.000,00,,EUR,PC,,,B0C4LFHFZB,,,,,,162,,16.66,,22,33.32,2,22,,,0,0.00,291.50,366.52
AMAZONFR,FR01,2023-12-30T00:00:00.000,00,,EUR,PC,,,B09FG5L5ZX,,,,,,26406,,10.03,,4,5981.44,596,4,,,3,20.33,16.56,40.12
AMAZONFR,FR01,2023-12-30T00:00:00.000,00,,EUR,PC,,,B0C2DBCF1X,,,,,,0,,29.16,,1,204.12,7,1,,,0,0.00,23.00,29.16
AMAZONFR,FR01,2023-12-30T00:00:00.000,00,,EUR,PC,,,B0BRQXV3FW,,,,,,,,0.00,,115,0.00,0,115,,,0,0.00,1429.45,0.00
AMAZONFR,FR01,2023-12-30T00:00:00.000,00,,EUR,PC,,,B0953V857Z,,,,,,0,,6.66,,280,106.56,16,280,,,0,0.00,876.40,1864.80
AMAZONFR,FR01,2023-12-30T00:00:00.000,00,,EUR,PC,,,B08FCPZYKT,,,,,,0,,10.82,,0,129.84,12,,,,0,0.00,0.00,0.00
AMAZONFR,FR01,2023-12-30T00:00:00.000,00,,EUR,PC,,,B09FG92VXC,,,,,,0,,6.66,,0,213.12,32,,,,0,0.00,0.00,0.00
AMAZONFR,FR01,2023-12-30T00:00:00.000,00,,EUR,PC,,,B08SR599L7,,,,,,,,0.00,,0,0.00,0,0,,,1,25.00,0.00,0.00
AMAZONFR,FR01,2023-12-30T00:00:00.000,00,,EUR,PC,,,B081BC2QJ3,,,,,,0,,10.82,,215,108.20,10,215,,,0,0.00,1494.97,2326.30
AMAZONFR,FR01,2023-12-30T00:00:00.000,00,,EUR,PC,,,B08T1W5MV5,,,,,,0,,29.90,,1092,418.60,14,1092,,,1,18.79,20110.08,32650.80
AMAZONFR,FR01,2023-12-30T00:00:00.000,00,,EUR,PC,,,B09577GZHL,,,,,,0,,16.66,,0,33.32,2,,,,0,0.00,0.00,0.00
AMAZONFR,FR01,2023-12-30T00:00:00.000,00,,EUR,PC,,,B08T1F4HRZ,,,,,,0,,10.40,,1962,4879.58,469,1962,,,7,63.74,17598.52,20404.80
AMAZONFR,FR01,2023-12-30T00:00:00.000,00,,EUR,PC,,,B0883LG9XQ,,,,,,0,,16.66,,76,149.94,9,76,,,3,34.17,865.64,1266.16
AMAZONFR,FR01,2023-12-30T00:00:00.000,00,,EUR,PC,,,B0BNJFWWTS,,,,,,0,,4.99,,11,94.81,19,11,,,0,0.00,66.00,54.89
AMAZONFR,FR01,2023-12-30T00:00:00.000,00,,EUR,PC,,,B0CFBDZKR1,,,,,,1272,,26.66,,0,26.66,1,,,,0,0.00,0.00,0.00
AMAZONFR,FR01,2023-12-30T00:00:00.000,00,,EUR,PC,,,B08S717L97,,,,,,4249,,23.25,,37,2069.25,89,37,,,5,90.61,668.65,860.25
AMAZONFR,FR01,2023-12-30T00:00:00.000,00,,EUR,PC,,,B08T19F29G,,,,,,0,,10.82,,1759,2715.82,251,1759,,,1,8.55,14416.38,19032.38
AMAZONFR,FR01,2023-12-30T00:00:00.000,00,,EUR,PC,,,B08TTTW6TY,,,,,,3904,,16.64,,61,982.10,59,61,,,4,45.09,673.39,1015.04
AMAZONFR,FR01,2023-12-30T00:00:00.000,00,,EUR,PC,,,B0BRQXD9P2,,,,,,0,,0.00,,184,0.00,0,184,,,0,0.00,2300.00,0.00
AMAZONFR,FR01,2023-12-30T00:00:00.000,00,,EUR,PC,,,B0BSXN6LYG,,,,,,5,,20.82,,1607,374.76,18,1607,,,1,16.00,13273.82,33457.74
AMAZONFR,FR01,2023-12-30T00:00:00.000,00,,EUR,PC,,,B0BWFPYK8X,,,,,,0,,0.00,,4686,0.00,0,4686,,,0,0.00,226614.96,0.00
AMAZONFR,FR01,2023-12-30T00:00:00.000,00,,EUR,PC,,,B0B9YDP36K,,,,,,504,,5.82,,29,5.82,1,29,,,0,0.00,130.50,168.78
AMAZONFR,FR01,2023-12-30T00:00:00.000,00,,EUR,PC,,,B08C67BYXP,,,,,,0,,29.14,,0,116.56,4,,,,0,0.00,0.00,0.00
AMAZONFR,FR01,2023-12-30T00:00:00.000,00,,EUR,PC,,,B07KFYVFXM,,,,,,0,,6.66,,0,39.96,6,,,,0,0.00,0.00,0.00
AMAZONFR,FR01,2023-12-30T00:00:00.000,00,,EUR,PC,,,B0B4YJ8KQW,,,,,,0,,16.67,,45,16.67,1,45,,,0,0.00,623.70,750.15
AMAZONFR,FR01,2023-12-30T00:00:00.000,00,,EUR,PC,,,B0BT1TZB5S,,,,,,0,,29.67,,0,474.72,16,0,,,0,0.00,0.00,0.00
AMAZONFR,FR01,2023-12-30T00:00:00.000,00,,EUR,PC,,,B09J92SNW3,,,,,,1092,,9.14,,681,429.68,47,681,,,0,0.00,3430.91,6224.34
AMAZONFR,FR01,2023-12-30T00:00:00.000,00,,EUR,PC,,,B07VLBWKWQ,,,,,,390,,10.82,,114,2899.76,268,114,,,0,0.00,739.08,1233.48
AMAZONFR,FR01,2023-12-30T00:00:00.000,00,,EUR,PC,,,B0BVW8N9CD,,,,,,,,10.83,,65,10.83,1,65,,,0,0.00,559.65,703.95
AMAZONFR,FR01,2023-12-30T00:00:00.000,00,,EUR,PC,,,B0BT1RCBPV,,,,,,0,,41.28,,0,206.42,5,0,,,0,0.00,0.00,0.00
AMAZONFR,FR01,2023-12-30T00:00:00.000,00,,EUR,PC,,,B09BFXW72Y,,,,,,,,98.03,,0,98.03,1,,,,0,0.00,0.00,0.00
AMAZONFR,FR01,2023-12-30T00:00:00.000,00,,EUR,PC,,,B09J8Z3435,,,,,,0,,16.66,,6,49.98,3,6,,,0,0.00,72.12,99.96
AMAZONFR,FR01,2023-12-30T00:00:00.000,00,,EUR,PC,,,B09QX6KJRM,,,,,,3024,,13.25,,92,371.00,28,92,,,1,9.87,908.04,1219.00
AMAZONFR,FR01,2023-12-30T00:00:00.000,00,,EUR,PC,,,B08T25H77B,,,,,,0,,9.68,,1,2169.64,224,1,,,4,33.43,9.03,9.68
AMAZONFR,FR01,2023-12-30T00:00:00.000,00,,EUR,PC,,,B0B1VM17FJ,,,,,,0,,19.16,,0,19.16,1,0,,,7,100.59,0.00,0.00
AMAZONFR,FR01,2023-12-30T00:00:00.000,00,,EUR,PC,,,B09NLCJ3FN,,,,,,1,,15.82,,0,47.46,3,,,,0,0.00,0.00,0.00
AMAZONFR,FR01,2023-12-30T00:00:00.000,00,,EUR,PC,,,B0953RXFMZ,,,,,,0,,7.84,,234,7.84,1,234,,,1,7.70,1866.24,1834.56
AMAZONFR,FR01,2023-12-30T00:00:00.000,00,,EUR,PC,,,B0B6W8R9Y9,,,,,,0,,11.66,,0,81.62,7,0,,,14,130.90,0.00,0.00
AMAZONFR,FR01,2023-12-30T00:00:00.000,00,,EUR,PC,,,B09S5VTQH3,,,,,,0,,10.06,,4280,382.53,38,4280,,,4,31.22,24805.91,43056.80
AMAZONFR,FR01,2023-12-30T00:00:00.000,00,,EUR,PC,,,B08T1D3TD6,,,,,,4,,13.32,,66,239.76,18,66,,,0,0.00,372.90,879.12
AMAZONFR,FR01,2023-12-30T00:00:00.000,00,,EUR,PC,,,B0BT223PMQ,,,,,,169,,12.48,,191,861.81,69,191,,,0,0.00,2374.13,2383.68
AMAZONFR,FR01,2023-12-30T00:00:00.000,00,,EUR,PC,,,B0BSFW985L,,,,,,9864,,37.29,,202,72430.36,1942,202,,,16,280.93,3982.21,7532.58
AMAZONFR,FR01,2023-12-30T00:00:00.000,00,,EUR,PC,,,B07MGRNKBT,,,,,,-11,,24.99,,2138,9046.38,362,2138,,,15,158.22,19924.49,53428.62
AMAZONFR,FR01,2023-12-30T00:00:00.000,00,,EUR,PC,,,B0BRT7YK9W,,,,,,0,,15.28,,353,122.25,8,353,,,1,16.00,5038.48,5393.84
AMAZONFR,FR01,2023-12-30T00:00:00.000,00,,EUR,PC,,,B09GBJN5X8,,,,,,,,24.99,,0,249.90,10,0,,,0,0.00,0.00,0.00
AMAZONFR,FR01,2023-12-30T00:00:00.000,00,,EUR,PC,,,B0BRYHR2RQ,,,,,,4732,,14.57,,2,3030.56,208,2,,,2,26.00,26.00,29.14
AMAZONFR,FR01,2023-12-30T00:00:00.000,00,,EUR,PC,,,B08T1MGHHP,,,,,,0,,10.75,,1383,2375.92,221,1383,,,0,0.00,11853.69,14867.25
AMAZONFR,FR01,2023-12-30T00:00:00.000,00,,EUR,PC,,,B09NLQ5M49,,,,,,0,,0.00,,1,0.00,0,1,,,0,0.00,16.36,0.00
AMAZONFR,FR01,2023-12-30T00:00:00.000,00,,EUR,PC,,,B08SRBBHX9,,,,,,0,,33.32,,0,99.96,3,,,,0,0.00,0.00,0.00
AMAZONFR,FR01,2023-12-30T00:00:00.000,00,,EUR,PC,,,B0B4YWYGXG,,,,,,,,13.32,,12,39.96,3,12,,,1,9.50,114.00,159.84
AMAZONFR,FR01,2023-12-30T00:00:00.000,00,,EUR,PC,,,B0883NB6KZ,,,,,,0,,14.99,,3,29.98,2,3,,,0,0.00,30.48,44.97
AMAZONFR,FR01,2023-12-30T00:00:00.000,00,,EUR,PC,,,B07P3G98YN,,,,,,0,,29.06,,453,1511.43,52,453,,,0,0.00,5038.73,13164.18
AMAZONFR,FR01,2023-12-30T00:00:00.000,00,,EUR,PC,,,B0BSXMQ8TC,,,,,,342,,12.49,,295,1024.18,82,295,,,0,0.00,3835.00,3684.55
AMAZONFR,FR01,2023-12-30T00:00:00.000,00,,EUR,PC,,,B0BT1WSQ2S,,,,,,1494,,4.99,,1124,249.50,50,1124,,,0,0.00,2379.23,5608.76
AMAZONFR,FR01,2023-12-30T00:00:00.000,00,,EUR,PC,,,B0BRQY47FZ,,,,,,0,,16.66,,1448,49.98,3,1448,,,0,0.00,19924.48,24123.68
AMAZONFR,FR01,2023-12-30T00:00:00.000,00,,EUR,PC,,,B08T5WFSF6,,,,,,0,,30.75,,1678,4274.25,139,1678,,,0,0.00,48863.36,51598.50
AMAZONFR,FR01,2023-12-30T00:00:00.000,00,,EUR,PC,,,B09NLQB8MX,,,,,,0,,17.49,,0,244.86,14,0,,,1,15.63,0.00,0.00
AMAZONFR,FR01,2023-12-30T00:00:00.000,00,,EUR,PC,,,B08N6Z7W5V,,,,,,0,,16.29,,241,48.87,3,241,,,0,0.00,2084.65,3925.89
AMAZONFR,FR01,2023-12-30T00:00:00.000,00,,EUR,PC,,,B0BHX97L7D,,,,,,0,,9.16,,141,109.92,12,141,,,0,0.00,916.50,1291.56
AMAZONFR,FR01,2023-12-30T00:00:00.000,00,,EUR,PC,,,B08N71TVT1,,,,,,1446,,10.58,,1,275.08,26,1,,,0,0.00,6.86,10.58
AMAZONFR,FR01,2023-12-30T00:00:00.000,00,,EUR,PC,,,B0BT1WQZ7W,,,,,,0,,8.32,,184,24.96,3,184,,,0,0.00,421.36,1530.88
AMAZONFR,FR01,2023-12-30T00:00:00.000,00,,EUR,PC,,,B0BT1S8DBK,,,,,,0,,4.99,,1,119.76,24,1,,,0,0.00,2.14,4.99
AMAZONFR,FR01,2023-12-30T00:00:00.000,00,,EUR,PC,,,B0CHW9DZMW,,,,,,10836,,33.33,,0,-533.28,-16,,,,0,0.00,0.00,0.00
AMAZONFR,FR01,2023-12-30T00:00:00.000,00,,EUR,PC,,,B0C2DCV788,,,,,,0,,17.24,,134,17.24,1,134,,,0,0.00,2010.00,2310.16
AMAZONFR,FR01,2023-12-30T00:00:00.000,00,,EUR,PC,,,B08T1VJ2L5,,,,,,0,,10.82,,8,1439.06,133,8,,,4,28.28,62.20,86.56
AMAZONFR,FR01,2023-12-30T00:00:00.000,00,,EUR,PC,,,B0B6WTQCF2,,,,,,0,,15.81,,318,158.20,10,318,,,0,0.00,2809.29,5027.58
AMAZONFR,FR01,2023-12-30T00:00:00.000,00,,EUR,PC,,,B08N6X4ZH3,,,,,,,,16.66,,78,16.66,1,78,,,1,12.51,911.16,1299.48
AMAZONFR,FR01,2023-12-30T00:00:00.000,00,,EUR,PC,,,B0B6W7P2VD,,,,,,0,,18.75,,762,768.75,41,762,,,0,0.00,13677.09,14287.50
AMAZONFR,FR01,2023-12-30T00:00:00.000,00,,EUR,PC,,,B0BHX3ZHRH,,,,,,0,,29.16,,59,291.60,10,59,,,0,0.00,1534.00,1720.44
AMAZONFR,FR01,2023-12-30T00:00:00.000,00,,EUR,PC,,,B09NF5XL5S,,,,,,0,,26.64,,1,4396.50,165,1,,,12,233.43,21.87,26.64
AMAZONFR,FR01,2023-12-30T00:00:00.000,00,,EUR,PC,,,B0CCW24FGQ,,,,,,1490,,29.16,,154,29.16,1,154,,,0,0.00,3566.64,4490.64
AMAZONFR,FR01,2023-12-30T00:00:00.000,00,,EUR,PC,,,B09NL9N48B,,,,,,0,,37.49,,0,412.39,11,0,,,1,22.67,0.00,0.00
AMAZONFR,FR01,2023-12-30T00:00:00.000,00,,EUR,PC,,,B0BHX5K7R3,,,,,,0,,9.99,,432,139.86,14,432,,,2,17.00,3672.00,4315.68
AMAZONFR,FR01,2023-12-30T00:00:00.000,00,,EUR,PC,,,B0C2D8FGQW,,,,,,0,,0.00,,137,0.00,0,137,,,0,0.00,1781.00,0.00
AMAZONFR,FR01,2023-12-30T00:00:00.000,00,,EUR,PC,,,B0883NBTC8,,,,,,45,,16.66,,249,99.96,6,249,,,0,0.00,2201.16,4148.34
AMAZONFR,FR01,2023-12-30T00:00:00.000,00,,EUR,PC,,,B08T1NSLQ3,,,,,,,,0.00,,0,0.00,0,0,,,1,10.92,0.00,0.00
AMAZONFR,FR01,2023-12-30T00:00:00.000,00,,EUR,PC,,,B0BRQWXRDZ,,,,,,0,,19.16,,853,900.52,47,853,,,0,0.00,7992.85,16343.48
AMAZONFR,FR01,2023-12-30T00:00:00.000,00,,EUR,PC,,,B0C2DDXH4G,,,,,,0,,28.71,,94,143.55,5,94,,,0,0.00,2162.00,2698.74
AMAZONFR,FR01,2023-12-30T00:00:00.000,00,,EUR,PC,,,B0B1TWPHY5,,,,,,0,,30.95,,1,92.88,3,1,,,0,0.00,20.28,30.95
AMAZONFR,FR01,2023-12-30T00:00:00.000,00,,EUR,PC,,,B0BRQXTTWS,,,,,,0,,20.82,,0,124.92,6,0,,,0,0.00,0.00,0.00
AMAZONFR,FR01,2023-12-30T00:00:00.000,00,,EUR,PC,,,B0C4LCZB86,,,,,,32,,29.16,,400,758.16,26,400,,,3,68.97,8910.88,11664.00
AMAZONFR,FR01,2023-12-30T00:00:00.000,00,,EUR,PC,,,B08N6YKXC9,,,,,,2190,,11.41,,224,228.32,20,224,,,0,0.00,1052.80,2555.84
AMAZONFR,FR01,2023-12-30T00:00:00.000,00,,EUR,PC,,,B09NNP9848,,,,,,0,,12.47,,0,37.44,3,,,,0,0.00,0.00,0.00
AMAZONFR,FR01,2023-12-30T00:00:00.000,00,,EUR,PC,,,B08SRB1PTX,,,,,,561,,58.25,,3,2737.75,47,3,,,11,408.12,75.38,174.75
AMAZONFR,FR01,2023-12-30T00:00:00.000,00,,EUR,PC,,,B00HDZHREW,,,,,,13164,,10.82,,986,1103.64,102,986,,,2,16.24,8006.32,10668.52
AMAZONFR,FR01,2023-12-30T00:00:00.000,00,,EUR,PC,,,B09NNYSB9H,,,,,,0,,12.49,,2,399.68,32,2,,,0,0.00,18.74,24.98
AMAZONFR,FR01,2023-12-30T00:00:00.000,00,,EUR,PC,,,B0BJ2K4278,,,,,,1845,,18.74,,6,4572.56,244,6,,,2,31.24,89.04,112.44
AMAZONFR,FR01,2023-12-30T00:00:00.000,00,,EUR,PC,,,B09S5PYFXH,,,,,,0,,12.07,,1133,72.42,6,1133,,,1,5.68,7692.09,13675.31
AMAZONFR,FR01,2023-12-30T00:00:00.000,00,,EUR,PC,,,B0BRT7C2ZK,,,,,,1203,,26.66,,9,1626.26,61,9,,,0,0.00,172.39,239.94
AMAZONFR,FR01,2023-12-30T00:00:00.000,00,,EUR,PC,,,B09RP56GBF,,,,,,2976,,20.82,,971,4143.18,199,971,,,2,26.04,14992.70,20216.22
AMAZONFR,FR01,2023-12-30T00:00:00.000,00,,EUR,PC,,,B08SWDN5FS,,,,,,5445,,37.48,,769,7722.94,206,769,,,6,157.33,26440.31,28822.12
AMAZONFR,FR01,2023-12-30T00:00:00.000,00,,EUR,PC,,,B07DJFD3SN,,,,,,0,,29.08,,0,29.08,1,0,,,0,0.00,0.00,0.00
AMAZONFR,FR01,2023-12-30T00:00:00.000,00,,EUR,PC,,,B0BS72QR7H,,,,,,4,,18.91,,1761,170.25,9,1761,,,1,9.69,16959.15,33300.51
AMAZONFR,FR01,2023-12-30T00:00:00.000,00,,EUR,PC,,,B0BRYHL5ZV,,,,,,418,,16.61,,34,1129.92,68,34,,,1,13.00,442.00,564.74
AMAZONFR,FR01,2023-12-30T00:00:00.000,00,,EUR,PC,,,B0CCW22B6W,,,,,,1000,,10.82,,91,10.82,1,91,,,0,0.00,821.73,984.62
AMAZONFR,FR01,2023-12-30T00:00:00.000,00,,EUR,PC,,,B08SR8TQQ3,,,,,,0,,0.00,,0,0.00,0,0,,,1,29.61,0.00,0.00
AMAZONFR,FR01,2023-12-30T00:00:00.000,00,,EUR,PC,,,B099TMW888,,,,,,-1,,49.99,,0,49.99,1,0,,,1,41.66,0.00,0.00
AMAZONFR,FR01,2023-12-30T00:00:00.000,00,,EUR,PC,,,B0B1TSYQW1,,,,,,0,,13.05,,1699,65.30,5,1699,,,3,31.86,18043.38,22171.95
AMAZONFR,FR01,2023-12-30T00:00:00.000,00,,EUR,PC,,,B0B1VLQ1S3,,,,,,0,,8.15,,78,16.30,2,78,,,0,0.00,724.62,635.70
AMAZONFR,FR01,2023-12-30T00:00:00.000,00,,EUR,PC,,,B0BRT91ZM3,,,,,,0,,31.39,,189,533.67,17,189,,,0,0.00,2948.40,5932.71
AMAZONFR,FR01,2023-12-30T00:00:00.000,00,,EUR,PC,,,B0BT1SZ4QV,,,,,,22,,9.10,,2881,245.85,27,2881,,,0,0.00,14609.65,26217.10
AMAZONFR,FR01,2023-12-30T00:00:00.000,00,,EUR,PC,,,B0BRQXSMSM,,,,,,0,,28.57,,160,28.57,1,160,,,0,0.00,5120.00,4571.20
AMAZONFR,FR01,2023-12-30T00:00:00.000,00,,EUR,PC,,,B0B253D7S7,,,,,,35,,16.66,,3,16.66,1,3,,,0,0.00,39.00,49.98
AMAZONFR,FR01,2023-12-30T00:00:00.000,00,,EUR,PC,,,B0BRQX1DPG,,,,,,0,,10.11,,1363,111.24,11,1363,,,1,9.37,11221.39,13779.93
AMAZONFR,FR01,2023-12-30T00:00:00.000,00,,EUR,PC,,,B0BSXNT6WC,,,,,,2139,,20.80,,77,2725.38,131,77,,,1,8.19,617.54,1601.60
AMAZONFR,FR01,2023-12-30T00:00:00.000,00,,EUR,PC,,,B0BT1V9LTC,,,,,,936,,27.49,,129,1099.60,40,129,,,2,35.82,2821.23,3546.21
AMAZONFR,FR01,2023-12-30T00:00:00.000,00,,EUR,PC,,,B07MKCZJNJ,,,,,,30101,,16.66,,678,9496.20,570,678,,,49,493.87,6737.05,11295.48
AMAZONFR,FR01,2023-12-30T00:00:00.000,00,,EUR,PC,,,B09NLGPPJF,,,,,,22,,15.82,,96,47.46,3,96,,,0,0.00,1344.00,1518.72
AMAZONFR,FR01,2023-12-30T00:00:00.000,00,,EUR,PC,,,B08T1FCP7K,,,,,,0,,16.87,,108,16.87,1,108,,,0,0.00,767.88,1821.96
AMAZONFR,FR01,2023-12-30T00:00:00.000,00,,EUR,PC,,,B08T1P4L5M,,,,,,0,,10.82,,2,1893.64,175,2,,,2,18.06,18.06,21.64
AMAZONFR,FR01,2023-12-30T00:00:00.000,00,,EUR,PC,,,B09J8F43TQ,,,,,,,,15.82,,81,15.82,1,81,,,0,0.00,668.25,1281.42
AMAZONFR,FR01,2023-12-30T00:00:00.000,00,,EUR,PC,,,B08T63W44V,,,,,,0,,19.10,,0,210.19,11,,,,0,0.00,0.00,0.00
AMAZONFR,FR01,2023-12-30T00:00:00.000,00,,EUR,PC,,,B0C2D91SDJ,,,,,,116,,19.16,,217,632.28,33,217,,,0,0.00,3580.50,4157.72
AMAZONFR,FR01,2023-12-30T00:00:00.000,00,,EUR,PC,,,B08NK8MZDQ,,,,,,0,,16.66,,21,16.66,1,21,,,0,0.00,265.86,349.86
AMAZONFR,FR01,2023-12-30T00:00:00.000,00,,EUR,PC,,,B09BFYMZCJ,,,,,,0,,10.82,,0,10.82,1,,,,0,0.00,0.00,0.00
AMAZONFR,FR01,2023-12-30T00:00:00.000,00,,EUR,PC,,,B0848FXJ41,,,,,,786,,69.53,,3,904.02,13,3,,,1,0.00,104.41,208.59
AMAZONFR,FR01,2023-12-30T00:00:00.000,00,,EUR,PC,,,B079FXMDY3,,,,,,5736,,8.32,,322,407.68,49,322,,,0,0.00,1988.92,2679.04
AMAZONFR,FR01,2023-12-30T00:00:00.000,00,,EUR,PC,,,B0BSFWY83R,,,,,,500,,29.07,,0,406.98,14,0,,,0,0.00,0.00,0.00
AMAZONFR,FR01,2023-12-30T00:00:00.000,00,,EUR,PC,,,B06X6BY8TV,,,,,,0,,24.99,,0,24.99,1,,,,0,0.00,0.00,0.00
AMAZONFR,FR01,2023-12-30T00:00:00.000,00,,EUR,PC,,,B08T1Y7ZGJ,,,,,,0,,35.51,,1459,35.51,1,1459,,,1,31.24,29085.92,51809.09
AMAZONFR,FR01,2023-12-30T00:00:00.000,00,,EUR,PC,,,B06XW99HZM,,,,,,-1,,4.16,,58,158.08,38,58,,,1,2.14,99.76,241.28
AMAZONFR,FR01,2023-12-30T00:00:00.000,00,,EUR,PC,,,B08X6MWD9S,,,,,,0,,13.32,,0,39.96,3,,,,0,0.00,0.00,0.00
AMAZONFR,FR01,2023-12-30T00:00:00.000,00,,EUR,PC,,,B0BHX78RQD,,,,,,36,,6.66,,237,179.82,27,237,,,0,0.00,1540.50,1578.42
AMAZONFR,FR01,2023-12-30T00:00:00.000,00,,EUR,PC,,,B09FG514R5,,,,,,504,,10.75,,0,64.50,6,0,,,0,0.00,0.00,0.00
AMAZONFR,FR01,2023-12-30T00:00:00.000,00,,EUR,PC,,,B09B2HZN26,,,,,,999,,32.82,,1,32.82,1,1,,,0,0.00,18.12,32.82
AMAZONFR,FR01,2023-12-30T00:00:00.000,00,,EUR,PC,,,B0886PQWY5,,,,,,0,,0.00,,0,0.00,0,,,,0,0.00,0.00,0.00
AMAZONFR,FR01,2023-12-30T00:00:00.000,00,,EUR,PC,,,B0B1TXGVZC,,,,,,0,,18.10,,1269,36.20,2,1269,,,0,0.00,22060.20,22968.90
AMAZONFR,FR01,2023-12-30T00:00:00.000,00,,EUR,PC,,,B0BSXNY4XN,,,,,,73,,58.76,,3256,998.95,17,3256,,,0,0.00,101818.40,191322.56
AMAZONFR,FR01,2023-12-30T00:00:00.000,00,,EUR,PC,,,B07NFRTF17,,,,,,3,,16.66,,120,416.50,25,120,,,0,0.00,975.60,1999.20
AMAZONFR,FR01,2023-12-30T00:00:00.000,00,,EUR,PC,,,B08TTS7VP3,,,,,,9595,,23.30,,353,6408.20,275,353,,,2,37.50,5803.63,8224.90
AMAZONFR,FR01,2023-12-30T00:00:00.000,00,,EUR,PC,,,B0BRQYQYRG,,,,,,0,,0.00,,0,0.00,0,,,,0,0.00,0.00,0.00
AMAZONFR,FR01,2023-12-30T00:00:00.000,00,,EUR,PC,,,B09RNGP5G6,,,,,,11955,,66.66,,39,13332.00,200,39,,,14,541.59,1950.00,2599.74
AMAZONFR,FR01,2023-12-30T00:00:00.000,00,,EUR,PC,,,B0C4LVWVZN,,,,,,0,,16.66,,113,83.30,5,113,,,0,0.00,1736.81,1882.58
AMAZONFR,FR01,2023-12-30T00:00:00.000,00,,EUR,PC,,,B0BRT7QMDZ,,,,,,0,,18.25,,0,857.75,47,0,,,1,16.00,0.00,0.00
AMAZONFR,FR01,2023-12-30T00:00:00.000,00,,EUR,PC,,,B0CCW2T1QL,,,,,,1500,,10.82,,9,346.24,32,9,,,0,0.00,81.27,97.38
AMAZONFR,FR01,2023-12-30T00:00:00.000,00,,EUR,PC,,,B0BHXBC1KL,,,,,,0,,4.99,,1060,129.74,26,1060,,,0,0.00,3040.79,5289.40
AMAZONFR,FR01,2023-12-30T00:00:00.000,00,,EUR,PC,,,B08T1TXQRY,,,,,,,,13.33,,0,-13.33,-1,,,,0,0.00,0.00,0.00
AMAZONFR,FR01,2023-12-30T00:00:00.000,00,,EUR,PC,,,B07MVN7NHL,,,,,,,,111.43,,0,111.43,1,,,,0,0.00,0.00,0.00
AMAZONFR,FR01,2023-12-30T00:00:00.000,00,,EUR,PC,,,B0CFB6D16T,,,,,,1138,,10.82,,277,64.92,6,277,,,0,0.00,2207.56,2997.14
AMAZONFR,FR01,2023-12-30T00:00:00.000,00,,EUR,PC,,,B0883NP1KG,,,,,,303,,12.07,,0,253.47,21,,,,0,0.00,0.00,0.00
AMAZONFR,FR01,2023-12-30T00:00:00.000,00,,EUR,PC,,,B09ZLSF9V3,,,,,,0,,21.13,,180,295.88,14,180,,,0,0.00,1871.00,3803.40
AMAZONFR,FR01,2023-12-30T00:00:00.000,00,,EUR,PC,,,B0BRT4KDKK,,,,,,0,,9.88,,215,929.65,94,215,,,0,0.00,3440.00,2124.20
AMAZONFR,FR01,2023-12-30T00:00:00.000,00,,EUR,PC,,,B0CCW1B3C6,,,,,,40,,16.66,,1,33.32,2,1,,,0,0.00,15.25,16.66
AMAZONFR,FR01,2023-12-30T00:00:00.000,00,,EUR,PC,,,B08T22MS57,,,,,,0,,12.48,,0,12.48,1,,,,0,0.00,0.00,0.00
AMAZONFR,FR01,2023-12-30T00:00:00.000,00,,EUR,PC,,,B082DVS4ZT,,,,,,0,,14.58,,447,72.90,5,447,,,0,0.00,2950.20,6517.26
AMAZONFR,FR01,2023-12-30T00:00:00.000,00,,EUR,PC,,,B08T1NRCFW,,,,,,0,,13.98,,80,167.80,12,80,,,0,0.00,550.38,1118.40
AMAZONFR,FR01,2023-12-30T00:00:00.000,00,,EUR,PC,,,B09NNL81VG,,,,,,0,,0.00,,489,-0.42,0,489,,,0,0.00,4396.30,0.00
AMAZONFR,FR01,2023-12-30T00:00:00.000,00,,EUR,PC,,,B08N6WKXN3,,,,,,,,14.54,,15,87.30,6,15,,,0,0.00,129.44,218.10
AMAZONFR,FR01,2023-12-30T00:00:00.000,00,,EUR,PC,,,B083MQWHK5,,,,,,,,12.49,,150,87.43,7,150,,,0,0.00,1133.12,1873.50
AMAZONFR,FR01,2023-12-30T00:00:00.000,00,,EUR,PC,,,B081ZRSKY8,,,,,,0,,13.07,,290,169.98,13,290,,,0,0.00,2008.61,3790.30
AMAZONFR,FR01,2023-12-30T00:00:00.000,00,,EUR,PC,,,B0BS71PKZZ,,,,,,0,,6.34,,739,342.43,54,739,,,1,4.61,4324.31,4685.26
AMAZONFR,FR01,2023-12-30T00:00:00.000,00,,EUR,PC,,,B0090LN5TI,,,,,,9800,,5.52,,3,425.73,77,3,,,0,0.00,11.22,16.56
AMAZONFR,FR01,2023-12-30T00:00:00.000,00,,EUR,PC,,,B0C2D5P2QK,,,,,,12,,16.66,,30,83.30,5,30,,,5,65.00,390.00,499.80
AMAZONFR,FR01,2023-12-30T00:00:00.000,00,,EUR,PC,,,B0BRQX7NR5,,,,,,0,,30.78,,261,338.62,11,261,,,2,41.52,4311.58,8033.58
AMAZONFR,FR01,2023-12-30T00:00:00.000,00,,EUR,PC,,,B08SRBQVK4,,,,,,0,,0.00,,177,0.00,0,177,,,0,0.00,5087.05,0.00
